fantasyPlayerId,name,team,position,matchId,rating,minutesPlayed,goals,assists,yellowCard,redCard,cleanSheet,goalsConceded,penaltyWon,penaltyScored,penaltyMissed,penaltyCommitted,penaltySaved,longBalls,totalClearances,blockedShots,interceptions,wonTackles,duelsWon,duelsTotal,wasFouled,passesCompleted,passesTotal,keyPass,dispossessed,offsides,dribblesWon,dribblesTotal,savedShotsInside,savedShotsOutside,runsOut,punches
89007,Cristiano Ronaldo,Portugal,F,15186858,8.5,90,2,0,0,0,0,0,0,0,0,0,0,0,1,0,1,1,3,5,1,13,19,0,0,2,0,0,0,0,0,0
88540,Manuel Neuer,Germany,G,15186905,6.9,90,0,0,0,0,0,1,0,0,0,0,0,5,0,0,0,0,0,0,0,19,19,0,0,0,0,0,0,1,1,0
88989,Lionel Messi,Argentina,F,15186502,9.2,90,2,0,0,0,0,0,0,0,0,0,0,2,0,0,0,2,9,15,4,30,40,2,5,1,3,4,0,0,0,0
88699,Edin Džeko,Bosnia & Herzegovina,F,15186806,6.6,64,0,0,1,0,0,0,0,0,0,0,0,1,2,0,1,0,3,7,2,16,21,0,0,0,0,0,0,0,0,0
88198,Luka Modrić,Croatia,M,15186520,7.4,81,0,0,0,0,0,0,0,0,0,0,0,3,2,0,0,0,4,5,2,69,78,1,0,0,0,0,0,0,0,0
88910,Marko Arnautović,Austria,F,15186502,6.5,22,0,0,0,0,0,0,0,0,0,0,0,0,0,0,0,0,0,1,0,2,2,0,0,0,0,0,0,0,0,0
89170,Ørjan Nyland,Norway,G,15186770,6.7,90,0,0,0,0,0,2,0,0,0,0,0,12,2,0,0,0,0,0,0,20,40,0,0,0,0,0,2,0,0,0
88438,Kristoffer Nordfeldt,Sweden,G,15186957,5.6,90,0,0,0,0,0,5,0,0,0,0,0,3,0,0,0,0,0,0,0,22,34,0,0,0,0,0,1,1,0,0
88028,Fernando Muslera,Uruguay,G,15186800,5.4,90,0,0,0,0,0,2,0,0,0,0,0,2,1,0,0,0,0,1,0,16,22,0,0,0,0,0,0,2,0,0
88626,Johny Placide,Haiti,G,15186856,6.5,90,0,0,0,0,0,3,0,0,0,0,0,7,0,0,0,0,1,1,0,21,32,0,0,0,0,0,2,0,0,0
88217,Ante Budimir,Croatia,F,15186520,7.8,45,1,0,0,0,0,0,0,0,0,0,0,0,1,0,0,1,10,17,2,3,8,0,2,0,1,1,0,0,0,0
88355,Michael Boxall,New Zealand,D,15186827,6.1,90,0,0,0,0,0,3,0,0,0,0,0,2,6,0,0,1,2,5,1,43,49,0,0,0,0,1,0,0,0,0
88218,Ivan Perišić,Croatia,M,15186520,6.9,90,0,0,0,0,0,0,0,0,0,0,0,5,4,1,0,1,2,6,0,38,43,1,0,0,0,0,0,0,0,0
88562,Eloy Room,Curaçao,G,15186906,10,90,0,0,0,0,1,0,0,0,0,0,0,8,0,0,0,0,0,0,0,12,30,0,0,0,0,0,10,5,1,0
88365,Chris Wood,New Zealand,F,15186827,6.3,90,0,0,0,0,0,0,0,0,0,0,0,0,1,0,0,0,10,20,0,17,26,1,2,3,0,0,0,0,0,0
88040,Ryan Mendes,Cabo Verde,M,15186800,6.6,90,0,0,0,0,0,0,0,0,0,0,0,2,3,1,2,0,5,11,0,12,16,1,1,0,2,2,0,0,0,0
88913,David Alaba,Austria,D,15186502,7.9,67,0,0,0,0,0,1,0,0,0,0,0,1,3,1,1,1,2,3,0,44,47,0,0,0,0,1,0,0,0,0
88201,Andrej Kramarić,Croatia,M,15186520,6.5,45,0,0,0,0,0,0,0,0,0,0,0,0,1,0,0,1,1,1,0,6,9,0,0,1,0,0,0,0,0,0
88747,Ricardo Rodríguez,Switzerland,D,15186806,6.5,90,0,0,0,0,0,1,0,0,0,0,0,0,0,0,0,2,3,5,0,51,60,0,0,0,0,0,0,0,0,0
88296,Thibaut Courtois,Belgium,G,15186499,7.8,90,0,0,0,0,1,0,0,0,0,0,0,0,0,0,0,0,0,0,0,11,22,0,0,0,0,0,2,1,2,0
88291,Kevin De Bruyne,Belgium,M,15186499,7.3,87,0,0,0,0,0,0,0,0,0,0,0,1,0,0,0,0,7,10,3,41,51,3,0,0,2,3,0,0,0,0
88563,Leandro Bacuna,Curaçao,M,15186906,6.5,90,0,0,1,0,0,0,0,0,0,0,0,1,4,0,0,0,2,7,0,17,24,1,0,0,1,3,0,0,0,0
88980,Nicolás Otamendi,Argentina,D,15186502,6.7,33,0,0,0,0,0,0,0,0,0,0,0,2,5,0,1,0,0,2,0,25,26,0,0,0,0,0,0,0,0,0
88649,Kenny McLean,Scotland,M,15186859,6.7,19,0,0,0,0,0,0,0,0,0,0,0,0,0,0,0,1,2,3,0,11,15,1,0,0,0,0,0,0,0,0
88293,Romelu Lukaku,Belgium,F,15186499,5.9,73,0,0,1,0,0,0,0,0,0,0,0,0,1,0,0,0,3,9,0,10,15,0,1,0,1,2,0,0,0,0
88647,Grant Hanley,Scotland,D,15186859,7.1,90,0,0,0,0,0,1,0,0,0,0,0,7,4,1,0,0,2,3,0,50,54,0,0,1,0,0,0,0,0,0
89194,Lucas Digne,France,D,15186769,6.9,90,0,0,0,0,1,0,0,0,0,0,0,0,2,0,0,0,1,3,0,52,60,1,0,0,0,0,0,0,0,0
88564,Jürgen Locadia,Curaçao,F,15186906,6.5,83,0,0,0,0,0,0,0,0,0,0,0,0,1,0,0,0,6,14,1,11,18,0,1,2,0,1,0,0,0,0
88228,Jordan Ayew,Ghana,F,15186672,6.5,67,0,0,0,0,0,0,0,0,0,0,0,0,1,0,0,2,7,16,3,7,12,0,1,0,0,1,0,0,0,0
89111,Idrissa Gana Gueye,Senegal,M,15186770,7.2,90,0,0,0,0,0,0,0,0,0,0,0,7,0,0,2,0,2,3,1,63,70,1,0,0,0,0,0,0,0,0
88490,Enner Valencia,Ecuador,F,15186906,6.7,90,0,0,0,0,0,0,0,0,0,0,0,0,0,0,0,0,3,7,1,11,12,0,3,1,0,1,0,0,0,0
89085,James Rodríguez,Colombia,M,15186713,7,58,0,0,0,0,0,0,0,0,0,0,0,2,0,0,1,0,2,3,2,37,45,5,0,0,0,1,0,0,0,0
88171,Harry Kane,England,F,15186672,6.7,90,0,0,0,0,0,0,0,0,0,0,0,1,0,0,0,0,4,7,2,7,10,0,2,0,1,1,0,0,0,0
88870,Vladimír Darida,Czechia,M,15186731,6.9,55,0,0,0,0,0,0,0,0,0,0,0,0,2,0,1,0,4,5,1,13,17,0,1,0,2,2,0,0,0,0
88911,Michael Gregoritsch,Austria,F,15186502,6.5,85,0,0,0,0,0,0,0,0,0,0,0,0,1,0,0,0,6,9,1,9,17,0,1,0,0,0,0,0,0,0
88881,Son Heung-min,South Korea,M,15186490,6.8,57,0,0,0,0,0,0,0,0,0,0,0,0,0,0,0,1,5,6,1,9,12,1,0,1,3,3,0,0,0,0
88767,Remo Freuler,Switzerland,M,15186806,7.4,90,0,0,0,0,0,0,0,0,0,0,0,5,0,1,0,2,4,10,0,71,77,1,0,0,1,2,0,0,0,0
89034,Cédric Bakambu,DR Congo,F,15186713,6.3,57,0,0,0,0,0,0,0,0,0,0,0,1,1,0,0,0,2,7,0,6,11,0,0,0,0,0,0,0,0,0
88757,Granit Xhaka,Switzerland,M,15186806,8.1,90,1,0,0,0,0,0,0,0,0,0,0,6,0,0,1,1,4,6,2,94,103,2,0,0,0,0,0,0,0,0
88278,Hans Vanaken,Belgium,M,15186499,6.9,32,0,0,0,0,0,0,0,0,0,0,0,0,0,1,0,0,2,4,0,24,26,0,2,0,1,1,0,0,0,0
88066,Tim Ream,USA,D,15186878,7,90,0,0,0,0,1,0,0,0,0,0,0,2,5,0,2,0,2,4,1,68,76,0,0,0,0,0,0,0,0,0
88856,Jaroslav Zelený,Czechia,D,15186731,6.5,35,0,0,0,0,0,1,0,0,0,0,0,0,0,1,0,0,2,3,1,7,11,0,1,0,1,1,0,0,0,0
88113,Mathew Leckie,Australia,M,15186878,6.3,61,0,0,0,0,0,0,0,0,0,0,0,0,0,0,0,0,5,9,1,7,13,0,2,0,1,1,0,0,0,0
88954,Aïssa Mandi,Algeria,D,15186740,7.1,90,0,0,0,0,0,1,0,0,0,0,0,3,4,0,0,1,3,5,0,79,90,1,0,0,0,0,0,0,0,0
88671,Casemiro,Brazil,M,15186856,7.4,90,0,0,0,0,0,0,0,0,0,0,0,1,2,0,1,3,11,18,2,47,58,0,0,0,0,0,0,0,0,0
88675,Danilo,Brazil,D,15186856,6.8,90,0,0,0,0,1,0,0,0,0,0,0,2,3,0,1,0,3,6,0,46,54,0,0,1,1,1,0,0,0,0
89086,Camilo Vargas,Colombia,G,15186713,7.1,90,0,0,0,0,1,0,0,0,0,0,0,7,1,0,0,0,0,0,0,25,31,1,0,0,0,0,0,1,1,0
89112,Kalidou Koulibaly,Senegal,D,15186770,5.2,72,0,0,0,0,0,3,0,0,0,0,0,5,1,0,1,0,2,4,0,33,37,0,0,0,0,0,0,0,0,0
88279,Thomas Meunier,Belgium,D,15186499,6.9,58,0,0,0,0,0,0,0,0,0,0,0,1,0,0,1,1,5,9,0,32,40,0,0,0,1,1,0,0,0,0
88905,Marcel Sabitzer,Austria,M,15186502,6.6,90,0,0,0,0,0,0,0,0,0,0,0,2,0,0,1,0,2,4,1,30,41,1,0,0,0,2,0,0,0,0
88281,Leandro Trossard,Belgium,M,15186499,8.3,90,0,0,0,0,0,0,0,0,0,0,0,2,0,0,0,1,6,11,1,50,56,6,3,1,3,4,0,0,0,0
88163,Hakan Çalhanoğlu,Türkiye,M,15186879,7.5,90,0,0,0,0,0,0,0,0,0,0,0,6,2,0,0,2,6,11,0,76,86,3,0,0,0,0,0,0,0,0
88216,Mateo Kovačić,Croatia,M,15186520,6.4,72,0,0,0,0,0,0,0,0,0,0,0,0,0,0,1,1,2,8,0,60,62,0,2,0,0,0,0,0,0,0
88853,Vladimír Coufal,Czechia,D,15186731,7,90,0,0,0,0,0,1,0,0,0,0,0,0,2,0,1,1,3,5,0,15,23,5,2,1,2,2,0,0,0,0
88170,Jordan Pickford,England,G,15186672,6.8,90,0,0,0,0,1,0,0,0,0,0,0,2,0,0,0,0,2,2,2,21,23,0,0,0,0,0,0,0,1,0
88383,Memphis Depay,Netherlands,F,15186957,6.6,18,0,1,0,0,0,0,0,0,0,0,0,1,0,0,0,0,1,5,1,4,5,1,2,0,0,0,0,0,0,0
89023,João Cancelo,Portugal,D,15186858,7.5,45,0,1,0,0,0,0,0,0,0,0,0,0,2,0,1,0,2,5,1,27,28,2,1,0,1,1,0,0,0,0
88712,Sead Kolašinac,Bosnia & Herzegovina,D,15186806,5.7,90,0,0,0,0,0,4,0,0,0,0,0,1,3,0,1,0,5,9,1,40,51,0,1,0,1,2,0,0,0,0
88543,Antonio Rüdiger,Germany,D,15186905,7.1,45,0,0,0,0,0,0,0,0,0,0,0,1,2,2,0,0,2,4,0,28,29,0,0,0,0,0,0,0,0,0
88440,Victor Lindelöf,Sweden,D,15186957,5.6,90,0,0,0,0,0,5,0,0,0,0,0,0,4,0,3,0,0,1,0,56,58,0,0,0,0,0,0,0,0,0
88065,Pico,Cabo Verde,D,15186800,7.1,90,0,0,0,0,0,2,0,0,0,0,0,4,13,2,1,3,5,8,0,27,34,0,0,0,0,0,0,0,0,0
88477,Rani Khedira,Tunisia,M,15186963,0,1,0,0,0,0,0,0,0,0,0,0,0,0,0,0,2,0,1,1,0,4,4,0,0,0,0,0,0,0,0,0
87971,Aymeric Laporte,Spain,D,15186840,7.8,90,0,1,0,0,1,0,0,0,0,0,0,5,4,0,2,1,2,5,0,81,85,2,0,0,0,0,0,0,0,0
88869,Tomáš Holeš,Czechia,D,15186731,6.4,90,0,0,0,0,0,1,0,0,0,0,0,4,2,1,3,0,1,5,0,26,34,0,0,0,1,2,0,0,0,0
88381,Virgil van Dijk,Netherlands,D,15186957,6.9,90,0,0,0,0,0,1,0,0,0,0,0,2,8,0,1,0,1,4,0,75,79,0,0,0,0,0,0,0,0,0
88725,Maxime Crépeau,Canada,G,15186798,6.6,90,0,0,0,0,1,0,0,0,0,0,0,0,0,0,0,0,0,0,0,14,15,0,0,0,0,0,0,0,0,0
88366,Tim Payne,New Zealand,D,15186827,6.2,85,0,1,0,0,0,3,0,0,0,0,0,1,2,1,0,1,2,5,0,16,21,1,1,0,0,0,0,0,0,0
88670,Marquinhos,Brazil,D,15186856,7.8,90,0,0,0,0,1,0,0,0,0,0,0,7,5,1,0,1,5,7,0,81,86,0,0,0,0,0,0,0,0,0
88758,Silvan Widmer,Switzerland,D,15186806,6.5,86,0,0,0,0,1,0,0,0,0,0,0,1,4,0,1,0,0,3,0,19,24,0,1,0,0,0,0,0,0,0
88955,Riyad Mahrez,Algeria,M,15186740,7.2,76,0,1,0,0,0,0,0,0,0,0,0,1,1,0,0,1,5,11,2,30,31,3,1,0,1,4,0,0,0,0
88981,Nicolás Tagliafico,Argentina,D,15186502,6.8,8,0,0,0,0,0,0,0,0,0,0,0,0,2,0,0,0,2,4,1,1,1,0,0,0,0,0,0,0,0,0
88992,Emiliano Martínez,Argentina,G,15186502,6.8,90,0,0,0,0,1,0,0,0,0,0,0,2,0,0,0,0,0,0,0,18,24,0,0,0,0,0,0,1,0,0
88332,Mohamed Salah,Egypt,M,15186827,8.6,85,1,1,0,0,0,0,0,0,0,0,0,0,0,0,0,0,4,7,1,26,33,5,2,0,2,3,0,0,0,0
88251,Cecilio Waterman,Panama,F,15186520,6.6,13,0,0,0,0,0,0,0,0,0,0,0,0,1,0,0,0,1,2,1,1,1,1,0,0,0,0,0,0,0,0
88252,Éric Davis,Panama,D,15186520,0,1,0,0,0,0,0,0,0,0,0,0,0,0,2,0,0,1,2,2,0,1,3,0,0,0,0,0,0,0,0,0
88005,Salem Al-Dawsari,Saudi Arabia,M,15186840,6.6,90,0,0,1,0,0,0,0,0,0,0,0,1,0,0,0,0,9,15,3,18,22,0,3,1,4,4,0,0,0,0
89036,Arthur Masuaku,DR Congo,D,15186713,7.1,72,0,0,0,0,1,0,0,0,0,0,0,2,2,0,0,1,2,3,1,19,24,1,0,0,0,0,0,0,0,0
88159,Abdülkerim Bardakcı,Türkiye,D,15186879,8.1,86,0,0,0,0,0,1,0,0,0,0,0,3,7,0,0,1,6,11,0,98,98,2,0,0,1,1,0,0,0,0
88112,Jackson Irvine,Australia,M,15186878,6.5,12,0,0,0,0,0,0,0,0,0,0,0,0,0,0,0,0,1,2,0,4,7,0,0,0,1,1,0,0,0,0
88549,Leon Goretzka,Germany,M,15186905,6.9,13,0,0,0,0,0,0,0,0,0,0,0,0,0,0,0,1,1,1,0,0,1,0,0,0,0,0,0,0,0,0
88196,Dominik Livaković,Croatia,G,15186520,6.8,90,0,0,0,0,1,0,0,0,0,0,0,4,2,0,0,0,0,0,0,14,24,0,0,0,0,0,1,0,1,0
88197,Mario Pašalić,Croatia,M,15186520,6.6,9,0,0,0,0,0,0,0,0,0,0,0,0,0,0,0,0,1,3,0,7,8,0,0,0,0,0,0,0,0,0
88521,Seko Fofana,Côte d'Ivoire,M,15186905,6.2,15,0,0,0,0,0,0,0,0,0,0,0,0,1,0,0,0,0,0,0,6,9,0,0,0,0,0,0,0,0,0
89190,Mike Maignan,France,G,15186769,6.6,90,0,0,0,0,1,0,0,0,0,0,0,1,0,0,0,0,0,0,0,9,10,0,0,0,0,0,0,0,1,0
88832,Raúl Jiménez,Mexico,F,15186490,6.4,80,0,0,0,0,0,0,0,0,0,0,0,1,0,0,0,0,3,9,1,14,21,0,2,0,0,0,0,0,0,0
88360,Max Crocombe,New Zealand,G,15186827,6.9,90,0,0,0,0,0,3,0,0,0,0,0,7,0,0,0,0,0,1,0,18,30,0,0,0,0,0,3,1,0,0
88062,Nuno Da Costa,Cabo Verde,F,15186800,6.7,32,0,0,0,0,0,0,0,0,0,0,0,0,0,0,0,0,5,9,1,6,7,0,3,0,2,2,0,0,0,0
89113,Sadio Mané,Senegal,M,15186770,7.1,90,0,1,0,0,0,0,0,0,0,0,0,2,0,0,0,2,11,17,1,29,34,5,0,1,5,6,0,0,0,0
88126,Gustavo Gómez,Paraguay,D,15186879,7.3,90,0,0,0,0,1,0,0,0,0,0,0,1,12,2,0,0,5,6,1,5,7,0,0,0,0,0,0,0,0,0
89103,Juan Fernando Quintero,Colombia,M,15186713,7.4,32,0,1,0,0,0,0,0,0,0,0,0,7,1,0,0,0,0,0,0,20,26,2,0,0,0,0,0,0,0,0
88302,Shoja Khalilzadeh,Iran,D,15186499,8.4,90,0,0,0,0,1,0,0,0,0,0,0,1,14,3,1,2,8,12,0,33,34,0,0,0,0,0,0,0,0,0
88545,Jonathan Tah,Germany,D,15186905,7.5,90,0,0,0,0,0,1,0,0,0,0,0,1,4,1,1,1,4,7,1,89,91,1,0,0,0,0,0,0,0,0
88439,Jesper Karlström,Sweden,M,15186957,6.5,56,0,0,0,0,0,0,0,0,0,0,0,0,1,0,0,2,4,6,0,20,23,1,0,0,1,1,0,0,0,0
88660,Angus Gunn,Scotland,G,15186859,6.8,90,0,0,0,0,0,1,0,0,0,0,0,3,1,0,0,1,1,1,0,22,28,0,0,0,0,0,1,0,2,0
89185,Fredrik Aursnes,Norway,M,15186770,6.6,45,0,0,0,0,0,0,0,0,0,0,0,0,1,0,0,0,1,6,0,16,16,1,1,0,0,0,0,0,0,0
88788,Boualem Khoukhi,Qatar,D,15186798,6.8,90,0,0,0,0,0,6,0,0,0,0,0,4,15,4,1,1,6,8,1,18,23,0,0,0,0,0,0,0,0,0
88885,Kim Seung-gyu,South Korea,G,15186490,6.5,90,0,0,0,0,0,1,0,0,0,0,0,4,0,0,0,0,0,0,0,23,37,0,0,0,0,0,2,1,2,0
89037,Chancel Mbemba,DR Congo,D,15186713,6.6,90,0,0,0,0,0,1,0,0,0,0,0,3,2,2,0,0,2,5,2,28,37,0,0,0,0,0,0,0,0,0
88244,Rahman Baba,Ghana,D,15186672,0,1,0,0,0,0,0,0,0,0,0,0,0,0,0,0,0,0,0,0,0,0,0,0,0,0,0,0,0,0,0,0
88781,Lucas Mendes,Qatar,D,15186798,6.5,13,0,0,0,0,0,1,0,0,0,0,0,0,1,0,0,0,1,1,0,0,0,0,0,1,0,0,0,0,0,0
88679,Douglas Santos,Brazil,D,15186856,6.8,90,0,0,1,0,1,0,0,0,0,0,0,0,0,0,0,1,3,5,1,34,37,0,0,1,0,0,0,0,0,0
88680,Alisson,Brazil,G,15186856,7.5,90,0,0,0,0,1,0,0,0,0,0,0,2,0,0,0,0,1,1,0,23,29,0,0,0,1,1,2,1,0,0
88282,Brandon Mechele,Belgium,D,15186499,7.3,90,0,0,0,0,1,0,0,0,0,0,0,2,6,0,1,0,6,11,0,77,88,0,0,0,0,0,0,0,0,0
88982,Rodrigo De Paul,Argentina,M,15186502,6.8,82,0,0,0,0,0,0,0,0,0,0,0,0,1,0,0,0,2,2,0,44,49,0,0,0,0,0,0,0,0,0
88653,John McGinn,Scotland,M,15186859,6.7,89,0,0,0,0,0,0,0,0,0,0,0,1,0,0,0,0,3,6,2,10,14,1,1,0,0,0,0,0,0,0
89204,Adrien Rabiot,France,M,15186769,7.1,90,0,0,0,0,0,0,0,0,0,0,0,2,0,0,0,1,2,5,0,72,73,0,0,0,0,0,0,0,0,0
89017,Nélson Semedo,Portugal,D,15186858,6.7,45,0,0,0,0,0,0,0,0,0,0,0,0,1,0,0,0,0,0,0,38,42,0,0,0,0,0,0,0,0,0
88993,Leandro Paredes,Argentina,M,15186502,6.9,8,0,0,1,0,0,0,0,0,0,0,0,0,0,0,0,0,0,1,0,8,9,0,0,0,0,0,0,0,0,0
88559,Joshua Kimmich,Germany,D,15186905,7.1,90,0,0,0,0,0,1,0,0,0,0,0,5,0,0,2,3,3,7,0,63,66,3,1,0,0,0,0,0,0,0
88644,Andy Robertson,Scotland,D,15186859,6.4,90,0,0,1,0,0,1,0,0,0,0,0,2,1,0,1,0,0,2,0,51,62,1,0,0,0,0,0,0,0,0
88860,Patrik Schick,Czechia,F,15186731,6.2,90,0,0,0,0,0,0,0,0,0,0,0,1,0,0,0,0,3,10,2,20,22,0,2,0,0,0,0,0,0,0
89094,Jhon Córdoba,Colombia,F,15186713,6.5,32,0,0,0,0,0,0,0,0,0,0,0,0,0,0,0,0,1,1,1,3,4,0,0,1,0,0,0,0,0,0
88916,Alexander Schlager,Austria,G,15186502,6.1,90,0,0,0,0,0,2,0,0,0,0,0,1,0,0,0,0,0,0,0,26,28,0,0,0,0,0,1,0,0,0
88759,Nico Elvedi,Switzerland,D,15186806,6.8,90,0,0,1,0,0,1,0,0,0,0,0,1,6,0,0,0,4,6,2,68,72,1,0,0,0,0,0,0,0,0
88705,Ivan Šunjić,Bosnia & Herzegovina,M,15186806,6.4,86,0,0,0,0,0,0,0,0,0,0,0,2,3,0,0,0,2,6,0,33,34,0,1,0,0,0,0,0,0,0
88051,Steven Moreira,Cabo Verde,D,15186800,6.5,90,0,0,0,0,0,2,0,0,0,0,0,0,2,2,1,3,4,6,0,15,24,0,0,0,0,0,0,0,0,0
89008,Bruno Fernandes,Portugal,M,15186858,8.7,90,0,1,0,0,0,0,0,0,0,0,0,6,0,1,0,1,7,11,1,63,74,2,1,0,1,1,0,0,0,0
88555,Leroy Sané,Germany,M,15186905,6.8,60,0,0,0,0,0,0,0,0,0,0,0,0,0,0,0,1,2,6,0,32,35,0,0,0,1,2,0,0,0,0
88333,Rami Rabia,Egypt,D,15186827,7.2,49,0,0,0,0,0,0,0,0,0,0,0,1,2,0,0,2,5,9,0,29,33,0,0,0,0,0,0,0,0,0
88326,Mahmoud Trézéguet,Egypt,M,15186827,7.6,14,1,0,0,0,0,0,0,0,0,0,0,0,0,0,0,0,0,2,0,3,6,0,0,0,0,0,0,0,0,0
88584,Joshua Brenet,Curaçao,D,15186906,7.5,90,0,0,0,0,1,0,0,0,0,0,0,1,4,0,0,2,7,10,0,19,25,1,1,0,1,2,0,0,0,0
88097,Jason Geria,Australia,D,15186878,6.6,45,0,0,0,0,0,0,0,0,0,0,0,1,1,0,1,1,4,11,0,10,17,0,1,0,0,1,0,0,0,0
88050,Vozinha,Cabo Verde,G,15186800,5.9,90,0,0,0,0,0,2,0,0,0,0,0,2,2,0,0,0,0,0,0,13,30,0,0,0,0,0,0,0,1,0
89167,Alexander Sørloth,Norway,F,15186770,6.4,84,0,0,0,0,0,0,0,0,0,0,0,1,0,1,0,0,7,21,1,23,32,0,3,0,0,2,0,0,0,0
88025,Guillermo Varela,Uruguay,D,15186800,6.2,90,0,0,0,0,0,2,0,0,0,0,0,1,0,0,1,1,6,7,0,35,45,0,0,0,0,0,0,0,0,0
88229,Thomas Partey,Ghana,M,15186672,7.6,90,0,0,0,0,0,0,0,0,0,0,0,5,5,1,2,4,7,9,1,23,27,0,0,0,1,2,0,0,0,0
89015,Rúben Dias,Portugal,D,15186858,7.8,90,0,0,0,0,1,0,0,0,0,0,0,1,3,0,1,2,7,12,1,62,63,0,2,0,1,1,0,0,0,0
88650,Ryan Christie,Scotland,M,15186859,6.3,71,0,0,0,0,0,0,0,0,0,0,0,1,1,1,2,1,1,6,0,22,27,0,4,0,0,0,0,0,0,0
88697,Nikola Vasilj,Bosnia & Herzegovina,G,15186806,5.5,90,0,0,0,0,0,4,0,0,0,0,0,5,1,0,0,0,1,1,0,21,39,0,0,0,0,0,1,2,1,0
88548,Nadiem Amiri,Germany,M,15186905,7.1,30,0,1,0,0,0,0,0,0,0,0,0,0,0,0,0,0,0,0,0,9,12,1,0,0,0,0,0,0,0,0
88283,Timothy Castagne,Belgium,D,15186499,7,32,0,0,0,0,0,0,0,0,0,0,0,0,1,0,1,0,0,0,0,24,26,3,0,0,0,0,0,0,0,0
89009,Bernardo Silva,Portugal,M,15186858,6.6,14,0,0,0,0,0,0,0,0,0,0,0,0,0,0,1,0,0,1,0,19,19,0,0,0,0,0,0,0,0,0
88275,Youri Tielemans,Belgium,M,15186499,7.2,90,0,0,0,0,0,0,0,0,0,0,0,0,1,0,0,2,5,9,2,47,53,3,1,1,0,1,0,0,0,0
88315,Alireza Jahanbakhsh,Iran,M,15186499,6.5,45,0,0,0,0,0,0,0,0,0,0,0,0,1,0,0,1,3,8,0,6,10,0,0,0,1,1,0,0,0,0
88119,Junior Alonso,Paraguay,D,15186879,7.3,90,0,0,0,0,1,0,0,0,0,0,0,1,2,3,0,1,4,7,2,7,13,0,0,1,0,1,0,0,0,0
88118,Miguel Almirón,Paraguay,M,15186879,5.9,48,0,0,0,2,0,0,0,0,0,0,0,1,0,0,0,3,6,9,1,5,10,0,0,0,2,3,0,0,0,0
88335,Yasser Ibrahim,Egypt,D,15186827,6.1,90,0,0,0,0,0,1,0,0,0,0,0,1,8,0,1,1,3,14,1,46,48,0,0,0,0,0,0,0,0,0
88367,Ryan Thomas,New Zealand,M,15186827,6.6,14,0,0,0,0,0,0,0,0,0,0,0,0,0,0,0,1,2,2,1,5,8,0,0,0,0,0,0,0,0,0
89063,Igor Sergeev,Uzbekistan,F,15186858,6.6,17,0,0,0,0,0,0,0,0,0,0,0,0,0,0,0,0,1,1,0,3,4,0,0,1,0,0,0,0,0,0
89099,Johan Mojica,Colombia,D,15186713,7.5,90,0,0,0,0,1,0,0,0,0,0,0,4,3,0,2,1,6,7,2,55,67,1,0,0,0,1,0,0,0,0
88753,Cédric Itten,Switzerland,F,15186806,6.6,9,0,0,0,0,0,0,0,0,0,0,0,0,0,0,0,0,1,1,1,1,2,0,0,0,0,0,0,0,0,0
88748,Breel Embolo,Switzerland,F,15186806,7.4,89,0,1,0,0,0,0,0,0,0,0,0,0,0,0,0,0,5,11,4,10,15,2,2,2,0,0,0,0,0,0
89040,Joris Kayembe,DR Congo,D,15186713,6.6,18,0,0,0,0,0,1,0,0,0,0,0,0,0,0,1,2,2,3,0,4,4,1,0,0,0,1,0,0,0,0
89166,Patrick Berg,Norway,M,15186770,7,45,0,1,0,0,0,0,0,0,0,0,0,0,0,0,0,0,2,4,0,13,13,1,0,0,2,2,0,0,0,0
88915,Stefan Posch,Austria,D,15186502,5.7,68,0,0,1,0,0,1,0,0,0,0,0,0,1,0,0,0,0,3,0,10,17,1,1,0,0,0,0,0,0,0
88908,Konrad Laimer,Austria,D,15186502,6.2,90,0,0,1,0,0,2,0,0,0,0,0,1,1,0,1,0,5,9,3,34,41,0,1,0,1,1,0,0,0,0
89096,Jefferson Lerma,Colombia,M,15186713,7.1,90,0,0,1,0,0,0,0,0,0,0,0,0,2,0,1,0,8,13,2,42,47,1,0,0,0,0,0,0,0,0
88092,Cameron Burgess,Australia,D,15186878,5.5,45,0,0,0,0,0,2,0,0,0,0,0,0,1,1,1,0,1,2,0,8,18,0,0,0,0,0,0,0,0,0
89064,Rustam Ashurmatov,Uzbekistan,D,15186858,5.7,90,0,0,0,0,0,5,0,0,0,0,0,2,8,0,2,2,2,5,0,36,43,0,0,0,0,0,0,0,0,0
89066,Otabek Shukurov,Uzbekistan,M,15186858,6.2,89,0,0,0,0,0,0,0,0,0,0,0,0,2,1,0,1,5,11,2,35,40,0,0,0,0,1,0,0,0,0
88510,Franck Kessié,Côte d'Ivoire,M,15186905,7.4,90,1,0,0,0,0,0,0,0,0,0,0,2,0,0,0,0,1,6,0,30,32,0,1,1,1,2,0,0,0,0
88303,Saeid Ezatolahi,Iran,M,15186499,6.8,85,0,0,1,0,0,0,0,0,0,0,0,1,4,0,4,2,4,10,0,18,24,0,2,0,0,0,0,0,0,0
88588,Yassine Bounou,Morocco,G,15186859,6.5,90,0,0,0,0,1,0,0,0,0,0,0,2,0,0,0,0,1,1,1,24,37,0,0,0,0,0,0,0,0,0
89151,Rebin Sulaka,Iraq,D,15186769,6.3,30,0,0,0,0,0,1,0,0,0,0,0,2,2,0,1,0,0,0,0,16,20,0,0,0,0,0,0,0,0,0
88657,Kieran Tierney,Scotland,D,15186859,6.8,60,0,0,0,0,0,1,0,0,0,0,0,0,2,0,2,1,4,6,1,11,14,0,0,0,0,0,0,0,0,0
88973,Nabil Bentaleb,Algeria,M,15186740,6.9,45,0,0,0,0,0,0,0,0,0,0,0,0,0,0,0,0,3,8,3,39,45,2,0,0,0,1,0,0,0,0
88760,Manuel Akanji,Switzerland,D,15186806,7.7,90,0,0,0,0,0,1,0,0,0,0,0,6,4,0,2,3,7,9,2,80,81,1,1,0,0,0,0,0,0,0
88882,Jae-sung Lee,South Korea,M,15186490,6.7,57,0,0,0,0,0,0,0,0,0,0,0,1,0,0,0,3,6,11,2,19,27,0,2,1,0,1,0,0,0,0
88799,Ronwen Williams,South Africa,G,15186731,6.2,90,0,0,0,0,0,1,0,0,0,0,0,7,1,0,0,0,0,1,0,48,64,0,0,0,0,0,1,1,0,0
88140,Andrés Cubas,Paraguay,M,15186879,6.9,90,0,0,0,0,0,0,0,0,0,0,0,0,7,1,3,1,2,9,1,13,17,0,1,0,0,0,0,0,0,0
89186,Martin Ødegaard,Norway,M,15186770,7.2,90,0,1,0,0,0,0,0,0,0,0,0,4,2,0,1,1,2,6,1,37,46,1,2,0,0,1,0,0,0,0
88336,Zizo,Egypt,M,15186827,6.6,16,0,0,0,0,0,0,0,0,0,0,0,0,0,0,0,0,1,1,0,2,3,0,0,0,1,1,0,0,0,0
88307,Saman Ghoddos,Iran,M,15186499,6.9,79,0,0,0,0,0,0,0,0,0,0,0,0,6,0,0,2,4,8,0,14,18,0,1,0,0,0,0,0,0,0
88750,Gregor Kobel,Switzerland,G,15186806,5.9,90,0,0,0,0,0,1,0,0,0,0,0,2,1,0,0,0,2,2,0,24,36,0,0,0,0,0,0,2,0,0
89097,Davinson Sánchez,Colombia,D,15186713,7.6,90,0,0,0,0,1,0,0,0,0,0,0,8,3,0,2,1,3,5,0,63,66,1,0,0,0,0,0,0,0,0
89171,Kristoffer Ajer,Norway,D,15186770,6.6,90,0,0,0,0,0,2,0,0,0,0,0,1,6,1,1,2,6,7,0,29,33,0,0,0,0,0,0,0,0,0
88979,Ramy Bensebaini,Algeria,D,15186740,7.8,90,0,0,0,0,0,1,0,0,0,0,0,1,4,0,3,5,12,17,2,69,79,0,0,0,1,1,0,0,0,0
89114,Mory Diaw,Senegal,G,15186770,6.8,27,0,0,0,0,0,0,0,0,0,0,0,2,0,0,0,0,2,2,1,10,13,0,0,0,1,1,0,0,0,0
88486,Hernán Galíndez,Ecuador,G,15186906,8,90,0,0,0,0,1,0,0,0,0,0,0,1,0,0,0,0,0,0,0,12,15,0,0,0,0,0,1,2,0,0
88463,Ellyes Skhiri,Tunisia,M,15186963,6,89,0,0,0,0,0,0,0,0,0,0,0,2,4,0,0,1,1,2,0,34,38,0,1,0,0,0,0,0,0,0
87984,Mikel Merino,Spain,M,15186840,6.6,29,0,0,0,0,0,0,0,0,0,0,0,0,0,0,0,0,1,5,0,13,16,1,0,0,0,2,0,0,0,0
88517,Nicolas Pépé,Côte d'Ivoire,F,15186905,6.8,13,0,0,0,0,0,0,0,0,0,0,0,0,0,0,0,0,3,5,0,2,5,0,2,0,2,2,0,0,0,0
89039,Lionel Mpasi Nzau,DR Congo,G,15186713,7.5,90,0,0,0,0,0,1,0,0,0,0,0,3,2,0,0,0,0,0,0,18,28,0,0,0,0,0,4,4,1,0
88164,Uğurcan Çakır,Türkiye,G,15186879,6.2,90,0,0,0,0,0,1,0,0,0,0,0,2,2,0,0,0,0,0,0,27,29,0,0,0,0,0,1,0,3,0
89116,Moussa Niakhaté,Senegal,D,15186770,8.1,90,0,0,0,0,0,3,0,0,0,0,0,9,5,2,2,1,10,11,4,60,68,0,0,0,1,1,0,0,0,0
89041,Charles Pickel,DR Congo,M,15186713,6.5,18,0,0,1,0,0,0,0,0,0,0,0,1,1,1,0,0,2,3,1,11,13,0,0,0,0,0,0,0,0,0
88391,Denzel Dumfries,Netherlands,D,15186957,8.8,90,0,2,0,0,0,1,0,0,0,0,0,1,4,0,1,3,5,8,1,28,34,2,0,0,0,0,0,0,0,0
88827,Jesús Gallardo,Mexico,D,15186490,7,90,0,0,0,0,1,0,0,0,0,0,0,1,5,0,0,0,7,10,1,28,40,0,0,0,1,1,0,0,0,0
88648,Che Adams,Scotland,F,15186859,6.7,71,0,0,0,0,0,0,0,0,0,0,0,0,1,0,0,1,2,5,1,6,7,1,0,0,0,0,0,0,0,0
88418,Junya Ito,Japan,M,15186963,6.9,90,1,0,0,0,0,0,0,0,0,0,0,1,0,0,1,1,4,16,1,34,42,0,2,0,1,8,0,0,0,0
88230,Iñaki Williams,Ghana,M,15186672,6.1,66,0,0,1,0,0,0,0,0,0,0,0,0,0,0,0,0,0,5,0,9,12,0,2,1,0,0,0,0,0,0
87983,Fabián Ruiz,Spain,M,15186840,7.2,20,0,0,0,0,0,0,0,0,0,0,0,2,0,0,0,0,0,0,0,27,27,1,0,0,0,0,0,0,0,0
88043,Diney Borges,Cabo Verde,D,15186800,6.7,90,0,0,1,0,0,2,0,0,0,0,0,0,15,0,1,2,6,8,0,25,39,0,0,0,1,1,0,0,0,0
88316,Ramin Rezaeian,Iran,M,15186499,6.8,90,0,0,0,0,0,0,0,0,0,0,0,0,1,0,0,0,1,2,0,13,21,2,0,0,0,0,0,0,0,0
88890,Hwang Hee-chan,South Korea,F,15186490,6.5,33,0,0,0,0,0,0,0,0,0,0,0,0,0,0,0,0,2,5,1,17,19,1,1,0,1,1,0,0,0,0
88044,Garry Rodrigues,Cabo Verde,M,15186800,6.5,58,0,0,0,0,0,0,0,0,0,0,0,0,0,0,1,1,2,5,0,5,7,0,0,0,1,2,0,0,0,0
88565,Juninho Bacuna,Curaçao,M,15186906,6.7,75,0,0,1,0,0,0,0,0,0,0,0,0,0,0,0,1,4,12,1,14,15,3,0,0,1,4,0,0,0,0
87964,Dani Olmo,Spain,M,15186840,7.4,61,0,1,0,0,0,0,0,0,0,0,0,0,0,0,0,0,3,7,0,37,41,1,0,0,1,3,0,0,0,0
88139,Gabriel Ávalos,Paraguay,F,15186879,0,1,0,0,0,0,0,0,0,0,0,0,0,0,0,0,0,1,4,4,0,3,3,0,0,0,0,0,0,0,0,0
88727,Cyle Larin,Canada,F,15186798,6.9,90,1,0,0,0,0,0,0,0,0,0,0,0,0,0,0,0,2,9,0,10,13,1,2,0,0,0,0,0,0,0
88407,Ritsu Doan,Japan,M,15186963,6.7,74,0,0,0,0,0,0,0,0,0,0,0,0,1,0,0,1,3,5,2,23,27,0,0,0,0,2,0,0,0,0
88427,Ko Itakura,Japan,D,15186963,7.9,90,0,1,0,0,1,0,0,0,0,0,0,2,9,0,1,0,3,5,0,85,89,2,0,0,0,0,0,0,0,0
88918,Xaver Schlager,Austria,M,15186502,6.1,90,0,0,0,0,0,0,0,0,0,0,0,0,2,0,1,2,3,13,0,51,55,0,4,0,0,0,0,0,0,0
88034,Rodrigo Bentancur,Uruguay,M,15186800,7,90,0,0,1,0,0,0,0,0,0,0,0,1,1,0,4,2,8,15,1,50,58,0,1,0,2,2,0,0,0,0
89068,Eldor Shomurodov,Uzbekistan,F,15186858,6.8,90,0,0,0,0,0,0,0,0,0,0,0,1,1,0,0,1,9,16,2,21,28,4,0,1,1,2,0,0,0,0
88304,Alireza Beiranvand,Iran,G,15186499,9.8,90,0,0,0,0,1,0,0,0,0,0,0,11,1,0,0,0,2,2,1,20,34,0,0,0,1,1,7,0,1,0
88001,Mohammed Al-Owais,Saudi Arabia,G,15186840,7.1,90,0,0,0,0,0,4,0,0,0,0,0,6,2,0,0,0,0,0,0,19,32,0,0,0,0,0,3,2,1,0
89208,Marcus Thuram,France,F,15186769,0,1,0,0,0,0,0,0,0,0,0,0,0,0,0,0,0,0,0,0,0,0,0,0,0,0,0,0,0,0,0,0
89163,Sander Berge,Norway,M,15186770,6.6,90,0,0,0,0,0,0,0,0,0,0,0,1,3,0,4,1,2,5,0,40,45,0,2,0,0,0,0,0,0,0
89080,Azizjon Ganiev,Uzbekistan,M,15186858,6.9,90,0,0,0,0,0,0,0,0,0,0,0,1,1,0,0,2,5,9,1,30,36,0,1,0,1,1,0,0,0,0
88556,Deniz Undav,Germany,F,15186905,8.5,30,2,0,0,0,0,0,0,0,0,0,0,0,0,0,0,0,0,1,0,7,8,2,0,0,0,0,0,0,0,0
88405,Daichi Kamada,Japan,M,15186963,6.6,73,1,0,0,0,0,0,0,0,0,0,0,0,0,0,0,0,2,5,1,23,30,1,2,0,0,1,0,0,0,0
88622,Carlens Arcus,Haiti,D,15186856,6,45,0,0,1,0,0,3,0,0,0,0,0,1,2,0,0,2,3,6,1,11,12,0,0,2,0,0,0,0,0,0
88778,Akram Afif,Qatar,M,15186798,7.5,59,0,0,0,0,0,0,0,0,0,0,0,2,0,1,0,0,1,4,1,10,15,0,2,0,0,1,0,0,0,0
87980,Marc Cucurella,Spain,D,15186840,7.2,90,0,0,0,0,1,0,0,0,0,0,0,1,2,0,1,0,3,6,0,52,56,1,0,0,1,1,0,0,0,0
88919,Kevin Danso,Austria,D,15186502,6.7,90,0,0,0,0,0,2,0,0,0,0,0,3,4,2,0,0,5,10,0,69,79,1,1,0,1,1,0,0,0,0
88400,Frenkie de Jong,Netherlands,M,15186957,7.6,59,0,0,0,0,0,0,0,0,0,0,0,2,2,0,1,2,5,8,1,51,53,0,0,0,0,0,0,0,0,0
88713,Amir Hadžiahmetović,Bosnia & Herzegovina,M,15186806,6.4,12,0,0,0,0,0,0,0,0,0,0,0,0,0,0,0,0,1,1,0,4,4,0,0,0,0,0,0,0,0,0
88654,Jack Hendry,Scotland,D,15186859,7.6,90,0,0,0,0,0,1,0,0,0,0,0,0,3,2,0,2,2,3,0,69,74,0,0,0,0,0,0,0,0,0
88566,Kenji Gorré,Curaçao,M,15186906,6.4,15,0,0,0,0,0,0,0,0,0,0,0,0,1,0,1,0,0,1,0,0,2,0,0,0,0,0,0,0,0,0
88783,Sultan Al-Brake,Qatar,D,15186798,6.4,50,0,0,0,0,0,4,0,0,0,0,0,0,6,0,0,1,2,2,0,2,4,0,0,0,1,1,0,0,0,0
88775,Assim Madibo,Qatar,M,15186798,5.6,53,0,0,0,2,0,0,0,0,0,0,0,0,3,2,1,1,1,5,0,12,13,0,1,0,0,1,0,0,0,0
87967,Unai Simón,Spain,G,15186840,7.2,90,0,0,0,0,1,0,0,0,0,0,0,2,1,0,0,0,0,0,0,27,28,0,0,0,0,0,0,1,1,0
88786,Edmilson Junior,Qatar,M,15186798,6.5,45,0,0,0,0,0,0,0,0,0,0,0,0,3,0,0,1,2,5,1,5,7,0,2,0,0,1,0,0,0,0
88052,Laros Duarte,Cabo Verde,M,15186800,6.8,19,0,0,0,0,0,0,0,0,0,0,0,0,2,0,0,0,2,3,1,8,8,2,0,0,1,2,0,0,0,0
88586,Gervane Kastaneer,Curaçao,F,15186906,6.7,13,0,0,1,0,0,0,0,0,0,0,0,0,0,0,0,0,5,7,0,1,6,0,0,0,0,0,0,0,0,0
89191,Dayot Upamecano,France,D,15186769,8.1,90,0,0,0,0,1,0,0,0,0,0,0,5,2,0,2,1,3,6,0,75,78,1,0,0,0,0,0,0,0,0
88851,Tomáš Souček,Czechia,M,15186731,6.5,23,0,0,0,0,0,0,0,0,0,0,0,1,0,1,0,0,2,4,1,8,10,0,0,1,0,0,0,0,0,0
88764,Djibril Sow,Switzerland,M,15186806,6.9,19,0,0,0,0,0,0,1,0,0,0,0,0,0,0,0,0,1,2,1,8,9,0,0,0,0,0,0,0,0,0
88089,Tyler Adams,USA,M,15186878,7,90,0,0,0,0,0,0,0,0,0,0,0,4,2,0,4,1,6,12,2,58,68,1,1,0,0,0,0,0,0,0
89165,Julian Ryerson,Norway,D,15186770,6.9,13,0,0,0,0,0,0,0,0,0,0,0,0,1,0,0,1,1,3,0,3,5,1,0,0,0,0,0,0,0,0
88728,Derek Cornelius,Canada,D,15186798,6.6,45,0,0,1,0,0,0,0,0,0,0,0,1,1,0,0,0,1,3,0,29,31,0,0,0,0,0,0,0,0,0
88956,Luca Zidane,Algeria,G,15186740,6.5,90,0,0,0,0,0,1,0,0,0,0,0,1,1,0,0,0,0,0,0,14,18,0,0,0,0,0,1,2,0,0
88567,Sherel Constancio Floranus,Curaçao,D,15186906,7.6,90,0,0,0,0,1,0,0,0,0,0,0,2,4,2,2,1,3,3,0,17,18,0,0,0,0,0,0,0,0,0
88392,Teun Koopmeiners,Netherlands,M,15186957,6.7,31,0,0,0,0,0,0,0,0,0,0,0,1,0,0,0,0,1,1,0,25,28,0,0,0,0,0,0,0,0,0
88380,Donyell Malen,Netherlands,F,15186957,6.7,45,0,0,0,0,0,0,0,0,0,0,0,0,0,0,0,0,0,1,0,6,7,1,1,0,0,0,0,0,0,0
88083,Antonee Robinson,USA,D,15186878,7.2,80,0,0,1,0,1,0,0,0,0,0,0,1,3,0,2,0,7,11,0,39,44,1,0,0,3,3,0,0,0,0
88426,Takehiro Tomiyasu,Japan,D,15186963,7.4,79,0,0,0,0,1,0,0,0,0,0,0,6,4,1,1,0,4,7,0,64,72,0,0,0,0,0,0,0,0,0
88431,Viktor Gyökeres,Sweden,F,15186957,6.7,90,0,0,0,0,0,0,0,0,0,0,0,0,1,0,0,0,3,6,1,17,19,3,2,1,0,0,0,0,0,0
88500,Jordy Caicedo,Ecuador,F,15186906,0,1,0,0,0,0,0,0,0,0,0,0,0,0,0,0,0,0,0,0,0,2,2,0,0,0,0,0,0,0,0,0
88015,Mathías Olivera,Uruguay,D,15186800,6.2,90,0,0,1,0,0,2,0,0,0,0,0,3,1,2,1,0,4,10,0,74,80,3,0,0,0,1,0,0,0,0
89057,Yoane Wissa,DR Congo,F,15186713,6.7,90,0,0,0,0,0,0,0,0,0,0,0,0,0,0,0,0,4,6,1,10,13,1,1,0,0,0,0,0,0,0
88120,Omar Alderete,Paraguay,D,15186879,7.1,90,0,0,0,0,1,0,0,0,0,0,0,0,10,2,1,0,3,5,1,1,7,0,0,0,0,0,0,0,0,0
88121,Gustavo Velázquez,Paraguay,D,15186879,7,23,0,0,0,0,0,0,0,0,0,0,0,1,0,2,1,0,0,0,0,2,2,0,0,0,0,0,0,0,0,0
88498,Pervis Estupiñán,Ecuador,D,15186906,6.6,70,0,0,0,0,1,0,0,0,0,0,0,0,0,0,0,0,3,9,0,43,50,1,1,0,0,0,0,0,0,0
88151,Merih Demiral,Türkiye,D,15186879,6.7,90,0,0,0,0,0,1,0,0,0,0,0,7,9,0,1,0,6,17,0,61,64,0,0,1,0,3,0,0,0,0
88114,Harry Souttar,Australia,D,15186878,6.3,90,0,0,1,0,0,2,0,0,0,0,0,3,3,2,0,0,5,10,1,22,31,0,0,0,0,0,0,0,0,0
88305,Milad Mohammadi,Iran,D,15186499,6.8,24,0,0,0,0,0,0,0,0,0,0,0,1,1,0,1,0,1,2,0,10,12,1,0,1,0,0,0,0,0,0
88300,Mehdi Taremi,Iran,F,15186499,6.5,90,0,0,0,0,0,0,0,0,0,0,0,1,1,0,0,1,7,19,2,14,20,2,2,2,0,2,0,0,0,0
88929,Mahmoud Al-Mardi,Jordan,M,15186740,6.7,76,0,0,0,0,0,0,0,0,0,0,0,3,0,0,0,0,1,6,1,17,21,1,0,0,0,1,0,0,0,0
88308,Hossein Kanaani,Iran,D,15186499,7.4,90,0,0,0,0,1,0,0,0,0,0,0,2,8,2,2,0,2,3,0,15,16,1,1,0,0,0,0,0,0,0
88317,Mahdi Torabi,Iran,F,15186499,6.7,24,0,0,0,0,0,0,0,0,0,0,0,0,0,0,1,0,2,4,0,15,18,0,0,0,0,0,0,0,0,0
88950,Ehsan Haddad,Jordan,M,15186740,6.6,90,0,0,0,0,0,0,0,0,0,0,0,2,4,0,0,1,3,9,0,17,22,0,0,0,0,1,0,0,0,0
89137,Aymen Hussein,Iraq,F,15186769,6.7,26,0,0,0,0,0,0,0,0,0,0,0,0,0,0,0,0,4,5,0,2,5,0,0,0,0,0,0,0,0,0
88175,Marcus Rashford,England,M,15186672,6.5,14,0,0,0,0,0,0,0,0,0,0,0,1,0,0,0,0,0,2,0,6,7,0,0,0,0,0,0,0,0,0
88591,Achraf Hakimi,Morocco,D,15186859,6.9,90,0,0,0,0,1,0,0,0,0,0,0,2,1,0,1,0,4,8,3,75,81,1,1,0,1,3,0,0,0,0
88041,Jamiro Monteiro,Cabo Verde,M,15186800,6.6,80,0,0,0,0,0,0,0,0,0,0,0,1,0,1,2,0,1,3,1,21,23,1,1,0,0,1,0,0,0,0
89043,Axel Tuanzebe,DR Congo,D,15186713,6.6,90,0,0,0,0,0,1,0,0,0,0,0,0,6,2,0,0,2,5,1,22,25,0,0,0,0,0,0,0,0,0
88056,Yannick Semedo,Cabo Verde,M,15186800,6.8,10,0,0,0,0,0,0,0,0,0,0,0,3,0,0,1,1,2,3,1,10,13,0,0,0,0,0,0,0,0,0
89205,Ousmane Dembélé,France,M,15186769,8.7,68,1,1,0,0,0,0,0,0,0,0,0,2,0,0,0,0,4,10,0,36,43,3,2,0,3,6,0,0,0,0
88087,Haji Wright,USA,F,15186878,0,1,0,0,0,0,0,0,0,0,0,0,0,0,0,0,0,0,1,3,0,0,1,0,0,1,0,0,0,0,0,0
89088,Jhon Lucumí,Colombia,D,15186713,7.4,90,0,0,1,0,1,0,0,0,0,0,0,6,6,1,1,0,2,4,0,50,53,0,0,0,0,0,0,0,0,0
88003,Ali Lajami,Saudi Arabia,D,15186840,6.2,90,0,0,0,0,0,4,0,0,0,0,0,3,12,1,2,1,2,3,1,19,23,0,0,0,0,0,0,0,0,0
88085,Auston Trusty,USA,D,15186878,6.7,10,0,0,0,0,0,0,0,0,0,0,0,0,2,0,0,0,1,2,0,1,2,0,0,0,0,0,0,0,0,0
88484,Alan Franco,Ecuador,M,15186906,7.3,83,0,0,0,0,0,0,0,0,0,0,0,1,5,0,1,2,4,7,0,61,63,0,0,0,0,0,0,0,0,0
88356,Sarpreet Singh,New Zealand,M,15186827,5.9,76,0,0,1,0,0,0,0,0,0,0,0,1,1,0,0,0,3,9,2,15,23,0,2,0,0,1,0,0,0,0
88357,Joe Bell,New Zealand,M,15186827,6.7,90,0,0,0,0,0,0,0,0,0,0,0,1,1,1,1,1,3,6,0,50,59,1,1,0,1,1,0,0,0,0
88369,Callum McCowatt,New Zealand,M,15186827,6.1,66,0,0,1,0,0,0,0,0,0,0,0,0,1,0,0,0,2,6,0,22,28,0,1,0,0,0,0,0,0,0
87965,Mikel Oyarzabal,Spain,F,15186840,9.4,45,2,1,0,0,0,0,0,0,0,0,0,0,0,0,0,1,3,6,0,7,13,1,1,0,0,0,0,0,0,0
88274,Dodi Lukebakio,Belgium,M,15186499,6.8,32,0,0,0,0,0,0,0,0,0,0,0,0,1,0,0,0,2,4,1,9,9,0,2,0,0,0,0,0,0,0
88455,Alexander Isak,Sweden,F,15186957,7,90,0,1,0,0,0,0,0,0,0,0,0,2,0,0,0,0,3,5,1,27,33,4,0,1,1,1,0,0,0,0
88983,Lautaro Martínez,Argentina,F,15186502,7.2,65,0,0,0,0,0,0,1,0,0,0,0,0,3,0,0,1,4,11,2,8,9,0,0,0,0,2,0,0,0,0
89065,Odiljon Khamrobekov,Uzbekistan,M,15186858,5.7,45,0,0,1,0,0,0,0,0,0,0,0,0,1,0,0,0,1,6,1,18,21,0,0,0,0,1,0,0,0,0
88601,Issa Diop,Morocco,D,15186859,6.8,90,0,0,1,0,1,0,0,0,0,0,0,0,4,0,0,0,5,9,0,79,93,0,0,0,0,0,0,0,0,0
88855,Michal Sadílek,Czechia,M,15186731,7.6,67,1,0,0,0,0,0,0,0,0,0,0,0,1,0,1,0,2,5,1,18,23,1,2,0,0,0,0,0,0,0
88920,Marco Friedl,Austria,D,15186502,6.5,23,0,0,0,0,0,1,0,0,0,0,0,1,0,1,0,0,0,1,0,30,31,0,0,0,0,1,0,0,0,0
88582,Armando Obispo,Curaçao,D,15186906,7.2,90,0,0,0,0,1,0,0,0,0,0,0,0,7,0,1,0,6,8,0,13,16,0,0,0,1,1,0,0,0,0
88165,Ferdi Kadıoğlu,Türkiye,D,15186879,6.8,70,0,0,0,0,0,1,0,0,0,0,0,0,1,0,1,2,5,11,3,46,54,4,1,0,0,1,0,0,0,0
88577,Tahith Chong,Curaçao,M,15186906,6.9,76,0,0,0,0,0,0,0,0,0,0,0,1,0,0,0,0,8,14,3,18,20,2,2,0,4,5,0,0,0,0
88568,Godfried Roemeratoe,Curaçao,M,15186906,6.7,12,0,0,0,0,0,0,0,0,0,0,0,0,2,0,0,0,0,0,0,2,2,0,0,0,0,0,0,0,0,0
89044,Simon Banza,DR Congo,F,15186713,6.5,33,0,0,0,0,0,0,0,0,0,0,0,0,0,0,0,1,3,6,0,3,7,1,0,0,0,0,0,0,0,0
88632,Hannes Delcroix,Haiti,D,15186856,6,90,0,0,0,0,0,3,0,0,0,0,0,2,5,0,3,0,3,5,1,47,51,0,0,0,0,0,0,0,0,0
88464,Yan Valery,Tunisia,D,15186963,6.4,90,0,0,0,0,0,4,0,0,0,0,0,1,2,1,2,1,3,7,0,10,13,0,1,0,1,1,0,0,0,0
88007,Ala'a Al-Hejji,Saudi Arabia,M,15186840,6.6,30,0,0,0,0,0,0,0,0,0,0,0,0,0,0,1,0,1,1,0,16,18,0,0,0,0,0,0,0,0,0
88327,Mohamed Hany,Egypt,D,15186827,6.6,90,0,1,0,0,0,1,0,0,0,0,0,0,6,0,1,1,1,4,0,45,57,2,1,0,0,1,0,0,0,0
89195,Kylian Mbappé,France,F,15186769,9.2,89,2,0,0,0,0,0,0,0,0,0,0,3,0,0,0,1,4,9,1,35,39,2,1,1,2,4,0,0,0,0
89210,Jules Koundé,France,D,15186769,7,83,0,0,0,0,1,0,0,0,0,0,0,1,2,0,0,0,3,4,1,36,41,1,0,0,0,0,0,0,0,0
87976,Rodri,Spain,M,15186840,8.3,90,0,0,0,0,0,0,0,0,0,0,0,7,2,0,0,2,7,9,1,113,119,1,1,1,2,2,0,0,0,0
88210,Petar Musa,Croatia,F,15186520,6.5,45,0,0,0,0,0,0,0,0,0,0,0,1,0,0,0,0,2,5,0,4,7,0,0,0,0,0,0,0,0,0
88176,Ezri Konsa,England,D,15186672,7.5,90,0,0,0,0,1,0,0,0,0,0,0,1,1,0,0,1,3,5,2,116,118,0,0,0,0,0,0,0,0,0
88634,Derrick Etienne,Haiti,F,15186856,6.3,9,0,0,0,0,0,0,0,0,0,0,0,0,0,0,0,0,0,0,0,4,8,1,0,0,0,0,0,0,0,0
88928,Yazeed Abu Laila,Jordan,G,15186740,7.7,90,0,0,0,0,0,2,0,0,0,0,0,7,3,0,0,0,2,2,0,10,18,0,0,0,0,0,3,3,1,0
87994,Mohamed Kanno,Saudi Arabia,M,15186840,6.5,45,0,0,1,0,0,0,0,0,0,0,0,0,0,0,0,0,0,1,0,27,28,0,0,0,0,0,0,0,0,0
88724,Richie Laryea,Canada,D,15186798,8.8,90,0,0,0,0,1,0,0,0,0,0,0,2,1,0,0,0,3,3,3,57,65,3,0,0,0,0,0,0,0,0
88985,Cristian Romero,Argentina,D,15186502,7.2,57,0,0,0,0,0,0,0,0,0,0,0,0,5,0,2,0,3,6,0,46,48,0,0,0,0,0,0,0,0,0
88906,Romano Schmid,Austria,M,15186502,6.8,78,0,0,0,0,0,0,0,0,0,0,0,0,0,0,0,2,10,14,4,14,21,0,2,0,3,3,0,0,0,0
89021,Francisco Trincão,Portugal,M,15186858,6.3,26,0,0,0,0,0,0,0,0,0,0,0,0,0,0,0,1,1,2,0,12,15,0,0,0,0,1,0,0,0,0
88678,Raphinha,Brazil,M,15186856,6.3,40,0,0,0,0,0,0,0,0,0,0,0,0,0,0,0,0,0,5,0,10,13,0,1,2,0,3,0,0,0,0
88701,Nikola Katić,Bosnia & Herzegovina,D,15186806,6.3,90,0,0,0,0,0,4,0,0,0,0,0,0,5,3,1,0,5,8,0,31,38,0,0,0,0,0,0,0,0,0
88514,Ghislain Konan,Côte d'Ivoire,D,15186905,6.8,90,0,0,0,0,0,2,0,0,0,0,0,3,6,1,0,1,3,6,0,37,42,0,0,0,2,3,0,0,0,0
88995,Nahuel Molina,Argentina,D,15186502,6.8,90,0,0,0,0,1,0,0,0,0,0,0,0,3,0,2,1,3,6,0,32,37,0,0,0,1,1,0,0,0,0
88037,Federico Valverde,Uruguay,M,15186800,7.1,90,0,0,0,0,0,0,0,0,0,0,0,6,0,0,1,0,3,7,0,50,62,0,1,0,2,2,0,0,0,0
88842,Jorge Sánchez,Mexico,D,15186490,6.6,90,0,0,0,0,1,0,0,0,0,0,0,1,0,0,1,0,1,5,0,25,27,0,0,1,1,1,0,0,0,0
88253,Yoel Bárcenas,Panama,M,15186520,7.4,89,0,0,1,0,0,0,0,0,0,0,0,6,1,0,0,0,7,14,1,40,44,2,2,0,2,3,0,0,0,0
88432,Gabriel Gudmundsson,Sweden,D,15186957,6.1,89,0,0,1,0,0,5,0,0,0,0,0,0,1,0,0,0,3,8,1,13,17,1,1,0,1,3,0,0,0,0
88592,Brahim Díaz,Morocco,M,15186859,7.3,84,0,1,0,0,0,0,0,0,0,0,0,2,0,0,0,0,5,12,2,39,41,3,4,0,3,5,0,0,0,0
88152,Mert Müldür,Türkiye,D,15186879,6.8,90,0,0,0,0,0,1,0,0,0,0,0,0,2,0,1,2,9,13,2,38,48,2,0,0,1,1,0,0,0,0
88550,Kai Havertz,Germany,F,15186905,6.2,85,0,0,0,0,0,0,0,0,0,0,0,0,2,0,0,0,5,12,0,21,28,0,3,0,0,1,0,0,0,0
88805,Aubrey Modiba,South Africa,D,15186731,7.2,90,0,0,0,0,0,1,0,0,0,0,0,2,2,0,1,4,7,8,1,45,52,2,0,0,0,0,0,0,0,0
88255,Amir Murillo,Panama,D,15186520,6.8,90,0,0,0,0,0,1,0,0,0,0,0,2,3,0,0,0,5,11,0,19,28,1,1,0,2,5,0,0,0,0
88618,Ricardo Adé,Haiti,D,15186856,6.7,90,0,0,0,0,0,3,0,0,0,0,0,3,7,0,1,1,5,7,1,34,37,0,0,0,0,0,0,0,0,0
89164,Erling Haaland,Norway,F,15186770,8.4,90,2,0,0,0,0,0,0,0,0,0,0,0,0,0,0,0,4,11,0,6,11,2,2,0,0,0,0,0,0,0
88694,Lucas Paquetá,Brazil,M,15186856,7.4,64,0,1,0,0,0,0,0,0,0,0,0,4,0,0,3,1,1,5,0,45,48,2,1,0,0,1,0,0,0,0
88659,Tony Ralston,Scotland,D,15186859,6.7,8,0,0,0,0,0,0,0,0,0,0,0,2,0,0,0,0,0,1,0,4,6,0,0,0,0,0,0,0,0,0
88261,Cristian Martínez,Panama,M,15186520,6.6,90,0,0,0,0,0,0,0,0,0,0,0,1,2,0,0,1,5,8,3,24,34,0,0,1,0,1,0,0,0,0
88257,César Blackman,Panama,D,15186520,6.6,89,0,0,0,0,0,1,0,0,0,0,0,2,1,0,0,0,5,9,1,27,36,0,1,0,1,2,0,0,0,0
88256,Andrés Andrade,Panama,D,15186520,6.8,90,0,0,0,0,0,1,0,0,0,0,0,5,7,0,1,0,7,13,0,36,45,0,2,0,1,1,0,0,0,0
88258,José Luis Rodríguez,Panama,M,15186520,6,90,0,0,0,0,0,0,0,0,0,0,0,0,0,0,0,1,2,10,1,14,17,1,2,0,0,1,0,0,0,0
88844,Julián Quiñones,Mexico,F,15186490,6.6,84,0,0,0,0,0,0,0,0,0,0,0,0,1,0,0,0,5,12,3,20,25,2,3,1,0,1,0,0,0,0
89010,Diogo Costa,Portugal,G,15186858,6.9,90,0,0,0,0,1,0,0,0,0,0,0,1,3,0,0,0,1,1,0,11,15,0,0,0,0,0,2,0,3,0
88512,Ibrahim Sangaré,Côte d'Ivoire,M,15186905,7.4,75,0,0,0,0,0,0,0,0,0,0,0,1,1,1,2,4,8,9,0,34,38,0,0,0,0,0,0,0,0,0
89090,Jhon Arias,Colombia,M,15186713,7.2,77,0,0,0,0,0,0,0,0,0,0,0,2,0,0,2,3,5,7,1,45,48,1,1,0,0,1,0,0,0,0
88222,Gideon Mensah,Ghana,D,15186672,7.5,90,0,0,0,0,1,0,0,0,0,0,0,2,9,0,2,3,8,12,1,13,16,0,1,0,1,1,0,0,0,0
89117,Edouard Mendy,Senegal,G,15186770,6.1,63,0,0,0,0,0,3,0,0,0,0,0,4,0,0,0,0,0,0,0,12,16,0,0,0,0,0,3,0,1,0
88481,Dylan Bronn,Tunisia,D,15186963,6.1,45,0,0,0,0,0,2,0,0,0,0,0,2,7,0,1,0,0,1,0,17,20,0,0,0,0,0,0,0,0,0
88631,Jean-Ricner Bellegarde,Haiti,M,15186856,6.8,81,0,0,0,0,0,0,0,0,0,0,0,5,1,0,1,0,1,3,1,38,43,1,1,0,0,1,0,0,0,0
89119,Ismaïla Sarr,Senegal,F,15186770,8.2,90,2,0,0,0,0,0,0,0,0,0,0,0,1,0,1,1,4,12,2,13,16,0,1,1,0,2,0,0,0,0
88397,Guus Til,Netherlands,M,15186957,6.6,31,0,0,0,0,0,0,0,0,0,0,0,0,0,0,0,0,0,0,0,8,9,0,0,0,0,0,0,0,0,0
88627,Jean-Kévin Duverne,Haiti,D,15186856,6,90,0,0,0,0,0,3,0,0,0,0,0,3,2,0,1,1,3,7,1,40,47,0,1,1,0,0,0,0,0,0
88864,Lukáš Provod,Czechia,M,15186731,6.7,23,0,0,0,0,0,0,0,0,0,0,0,2,0,0,0,1,1,2,0,4,6,1,0,0,0,1,0,0,0,0
88652,Lyndon Dykes,Scotland,F,15186859,6.4,19,0,0,0,0,0,0,0,0,0,0,0,0,0,0,0,0,2,5,0,4,7,0,0,0,0,0,0,0,0,0
88030,Agustín Canobbio,Uruguay,M,15186800,7.6,90,1,0,0,0,0,0,0,0,0,0,0,0,0,0,0,3,7,16,0,28,34,2,2,0,0,2,0,0,0,0
88016,Manuel Ugarte,Uruguay,M,15186800,6.5,70,0,0,0,0,0,0,0,0,0,0,0,1,1,0,0,0,1,6,0,51,60,2,0,0,0,1,0,0,0,0
88598,Noussair Mazraoui,Morocco,D,15186859,7.3,90,0,0,0,0,1,0,0,0,0,0,0,2,3,0,0,0,3,6,2,50,54,0,0,0,0,0,0,0,0,0
88835,Edson Álvarez,Mexico,M,15186490,7.3,90,0,0,0,0,0,0,0,0,0,0,0,0,6,0,2,2,5,6,0,71,77,0,0,0,1,1,0,0,0,0
88199,Marin Pongračić,Croatia,D,15186520,7,90,0,0,0,0,1,0,0,0,0,0,0,1,11,0,0,0,2,5,0,65,76,0,1,0,0,0,0,0,0,0
88098,Aiden O'Neill,Australia,M,15186878,6.6,90,0,0,0,0,0,0,0,0,0,0,0,0,2,0,2,0,6,9,4,25,38,0,0,0,1,2,0,0,0,0
88833,Orbelín Pineda,Mexico,M,15186490,6.4,19,0,0,0,0,0,0,0,0,0,0,0,0,1,0,0,0,1,6,0,3,3,1,2,0,0,0,0,0,0,0
88751,Michel Aebischer,Switzerland,M,15186806,6.8,71,0,0,0,0,0,0,0,0,0,0,0,0,2,0,0,1,6,8,1,28,32,1,0,0,1,1,0,0,0,0
89019,Rafael Leão,Portugal,M,15186858,7.6,13,1,0,0,0,0,0,0,0,0,0,0,0,0,0,0,0,3,6,1,3,4,0,1,0,2,2,0,0,0,0
89027,João Félix,Portugal,M,15186858,6.7,64,0,0,0,0,0,0,0,0,0,0,0,2,0,0,0,2,8,16,2,19,22,0,1,0,4,7,0,0,0,0
87974,Ferran Torres,Spain,F,15186840,6.4,45,0,0,0,0,0,0,0,0,0,0,0,1,0,0,0,0,1,3,0,3,4,0,0,1,1,1,0,0,0,0
88866,Ladislav Krejčí,Czechia,D,15186731,7.5,90,0,0,1,0,0,1,0,0,0,0,0,3,3,1,1,1,11,15,1,45,48,2,0,0,1,1,0,0,0,0
88183,Declan Rice,England,M,15186672,7.6,90,0,0,1,0,0,0,0,0,0,0,0,2,0,0,0,1,5,9,0,42,45,6,1,0,2,4,0,0,0,0
88147,Yunus Akgün,Türkiye,M,15186879,6.3,60,0,0,0,0,0,0,0,0,0,0,0,0,0,0,0,0,1,5,1,20,27,0,0,0,0,3,0,0,0,0
88958,Amine Gouiri,Algeria,F,15186740,7.2,86,1,0,0,0,0,0,0,0,0,0,0,0,0,0,0,1,2,8,0,16,18,1,2,0,1,2,0,0,0,0
89001,Lisandro Martínez,Argentina,D,15186502,7.3,90,0,0,0,0,1,0,0,0,0,0,0,1,7,0,0,0,4,6,0,69,73,1,0,0,0,0,0,0,0,0
89002,Facundo Medina,Argentina,D,15186502,7,82,0,1,1,0,1,0,0,0,0,0,0,0,5,0,1,1,5,10,1,43,47,1,1,0,0,0,0,0,0,0
88379,Cody Gakpo,Netherlands,M,15186957,9.5,89,2,1,0,0,0,0,0,0,0,0,0,0,0,0,1,0,8,20,1,15,20,1,1,1,2,9,0,0,0,0
89046,Aaron Wan-Bissaka,DR Congo,D,15186713,6.5,90,0,0,0,0,0,1,0,0,0,0,0,1,1,0,3,3,5,10,0,15,22,0,2,0,0,1,0,0,0,0
88188,Eberechi Eze,England,M,15186672,6.8,16,0,0,0,0,0,0,0,0,0,0,0,0,0,0,0,0,1,1,1,8,10,1,0,0,0,0,0,0,0,0
88848,Roberto Alvarado,Mexico,M,15186490,6.7,80,0,0,0,0,0,0,0,0,0,0,0,0,3,0,0,1,2,4,0,18,25,1,2,1,1,1,0,0,0,0
88693,Bruno Guimarães,Brazil,M,15186856,7.4,81,0,0,0,0,0,0,0,0,0,0,0,1,1,0,1,3,8,11,2,26,32,1,1,0,0,1,0,0,0,0
87995,Abdullah Al-Khaibari,Saudi Arabia,M,15186840,6.2,45,0,0,0,0,0,0,0,0,0,0,0,0,2,0,1,1,2,3,0,13,16,0,1,0,1,1,0,0,0,0
88363,Francis De Vries,New Zealand,D,15186827,6.3,16,0,0,0,0,0,0,0,0,0,0,0,0,0,0,0,0,0,1,0,2,5,0,1,0,0,0,0,0,0,0
88689,Vinícius Júnior,Brazil,M,15186856,8,81,1,1,0,0,0,0,0,0,0,0,0,1,0,0,0,0,3,7,1,16,21,1,0,2,2,6,0,0,0,0
88673,Gabriel Magalhães,Brazil,D,15186856,7.4,90,0,0,0,0,1,0,0,0,0,0,0,1,2,0,0,0,6,7,2,77,81,0,0,0,0,0,0,0,0,0
89092,Daniel Muñoz,Colombia,D,15186713,7.8,90,1,0,0,0,1,0,0,0,0,0,0,3,2,0,0,0,3,7,0,47,51,0,1,1,0,0,0,0,0,0
88417,Ao Tanaka,Japan,M,15186963,7.2,90,0,0,0,0,0,0,0,0,0,0,0,1,0,0,0,4,5,7,0,72,75,0,0,0,0,0,0,0,0,0
88004,Nasser Al-Dawsari,Saudi Arabia,M,15186840,6.5,89,0,0,0,0,0,0,0,0,0,0,0,2,2,0,1,2,5,10,1,32,38,0,1,0,2,3,0,0,0,0
88755,Rubén Vargas,Switzerland,M,15186806,8.4,19,1,1,0,0,0,0,0,0,0,0,0,1,0,0,0,1,1,1,0,8,9,1,0,0,0,0,0,0,0,0
88423,Hiroki Itō,Japan,D,15186963,7.3,90,0,0,0,0,1,0,0,0,0,0,0,3,5,0,1,1,5,8,0,69,76,1,0,0,0,0,0,0,0,0
88411,Ayumu Seko,Japan,D,15186963,6.7,11,0,0,0,0,0,0,0,0,0,0,0,0,2,0,0,0,1,2,0,11,13,1,0,0,0,0,0,0,0,0
89133,Krépin Diatta,Senegal,D,15186770,6.5,90,0,0,0,0,0,3,0,0,0,0,0,1,3,0,1,0,5,6,1,56,62,2,0,0,1,1,0,0,0,0
88331,Omar Marmoush,Egypt,F,15186827,7.5,76,0,0,0,0,0,0,0,0,0,0,0,3,0,0,0,0,7,10,4,18,21,1,1,0,2,4,0,0,0,0
88039,Juan Sanabria,Uruguay,M,15186800,6.3,90,0,0,0,0,0,0,0,0,0,0,0,3,3,0,0,0,1,5,0,28,37,1,0,0,0,1,0,0,0,0
88384,Noa Lang,Netherlands,F,15186957,0,1,0,0,0,0,0,0,0,0,0,0,0,0,0,0,0,0,1,1,1,1,1,0,0,0,0,0,0,0,0,0
88939,Mousa Tamari,Jordan,F,15186740,6.4,84,0,1,0,0,0,0,0,0,0,0,0,0,0,0,0,0,3,11,1,10,12,1,3,0,1,3,0,0,0,0
88136,José Canale,Paraguay,D,15186879,0,1,0,0,0,0,0,0,0,0,0,0,0,0,0,0,0,1,1,4,0,1,1,0,0,0,0,0,0,0,0,0
88032,Nicolás de la Cruz,Uruguay,M,15186800,7.3,20,0,0,0,0,0,0,0,0,0,0,0,1,0,0,0,1,2,2,1,8,12,0,0,0,0,0,0,0,0,0
88511,Yahia Fofana,Côte d'Ivoire,G,15186905,8,90,0,0,0,0,0,2,0,0,0,0,0,11,0,0,0,0,2,2,2,22,37,0,0,0,0,0,4,1,0,0
88636,Wilson Isidor,Haiti,F,15186856,6.5,45,0,0,0,0,0,0,0,0,0,0,0,1,0,0,0,0,2,8,1,9,11,1,0,0,0,4,0,0,0,0
88181,Marc Guéhi,England,D,15186672,8.3,90,0,0,0,0,1,0,0,0,0,0,0,3,4,0,0,0,12,14,7,126,129,0,0,0,0,0,0,0,0,0
88716,Ermedin Demirović,Bosnia & Herzegovina,F,15186806,6.4,86,0,0,0,0,0,0,0,0,0,0,0,0,1,0,0,1,3,9,0,7,11,0,2,1,0,1,0,0,0,0
88645,Scott McTominay,Scotland,M,15186859,6.7,90,0,0,0,0,0,0,0,0,0,0,0,1,1,0,0,1,4,7,0,31,36,1,1,0,2,2,0,0,0,0
89025,Pedro Neto,Portugal,M,15186858,7.2,45,0,0,0,0,0,0,0,0,0,0,0,0,0,0,0,0,2,3,1,16,18,0,0,0,1,2,0,0,0,0
88480,Montassar Talbi,Tunisia,D,15186963,5.8,90,0,0,0,0,0,4,0,0,0,0,0,2,1,1,3,1,2,6,1,47,52,0,0,0,0,0,0,0,0,0
89121,Pape Gueye,Senegal,M,15186770,6.5,54,0,0,0,0,0,0,0,0,0,0,0,3,1,0,0,1,3,7,0,28,30,0,2,0,0,2,0,0,0,0
89177,Leo Østigård,Norway,D,15186770,6.5,17,0,0,0,0,0,1,0,0,0,0,0,0,1,0,0,1,2,2,1,2,2,0,0,0,0,0,0,0,0,0
88488,John Yeboah,Ecuador,M,15186906,7.2,89,0,0,0,0,0,0,0,0,0,0,0,0,0,0,1,1,2,5,0,35,39,4,3,0,1,1,0,0,0,0
88345,Ahmed Fatouh,Egypt,D,15186827,7,90,0,0,0,0,0,1,0,0,0,0,0,0,2,0,1,3,6,8,1,58,64,1,1,0,1,1,0,0,0,0
88806,Teboho Mokoena,South Africa,M,15186731,8.1,90,1,0,1,0,0,0,0,0,0,0,0,8,1,1,2,1,6,11,3,93,97,5,2,0,1,1,0,0,0,0
88886,Seung Ho Paik,South Korea,M,15186490,6.3,77,0,0,1,0,0,0,0,0,0,0,0,0,1,0,1,0,3,7,0,43,52,0,0,0,0,2,0,0,0,0
87991,Abdulelah Al-Amri,Saudi Arabia,D,15186840,5.5,60,0,0,0,0,0,4,0,0,0,0,0,0,6,0,2,0,0,0,0,15,20,0,0,0,0,0,0,0,0,0
88006,Hassan Tambakti,Saudi Arabia,D,15186840,5.7,90,0,0,0,0,0,4,0,0,0,0,0,0,4,0,1,2,3,4,1,30,37,0,0,0,0,0,0,0,0,0
88495,Ángelo Preciado,Ecuador,M,15186906,6.7,13,0,0,0,0,0,0,0,0,0,0,0,0,0,0,0,0,2,3,1,5,6,0,0,0,1,1,0,0,0,0
88078,Weston McKennie,USA,M,15186878,6.8,89,0,0,0,0,0,0,0,0,0,0,0,1,1,0,4,2,5,14,1,29,36,3,0,0,1,2,0,0,0,0
89089,Luis Díaz,Colombia,M,15186713,6.7,90,0,0,0,0,0,0,0,0,0,0,0,1,0,0,0,0,2,9,0,31,40,2,2,5,1,3,0,0,0,0
88790,Pedro Miguel,Qatar,D,15186798,6.7,90,0,0,0,0,0,6,0,0,0,0,0,3,4,3,1,1,4,5,2,11,18,0,0,0,1,1,0,0,0,0
88569,Jurien Gaari,Curaçao,D,15186906,6.8,90,0,0,1,0,1,0,0,0,0,0,0,0,4,0,2,2,4,7,1,9,18,1,0,0,0,0,0,0,0,0
88190,Reece James,England,D,15186672,7.5,90,0,0,0,0,1,0,0,0,0,0,0,2,0,0,1,0,3,6,0,61,65,2,0,0,0,0,0,0,0,0
88254,Orlando Mosquera,Panama,G,15186520,6.8,90,0,0,0,0,0,1,0,0,0,0,0,4,0,0,0,0,0,0,0,15,22,0,0,0,0,0,1,0,0,0
88664,Ross Stewart,Scotland,F,15186859,6.6,8,0,0,0,0,0,0,0,0,0,0,0,0,0,0,0,0,2,2,0,0,2,0,0,0,0,0,0,0,0,0
88744,Stephen Eustaquio,Canada,M,15186798,8.6,90,0,0,0,0,0,0,0,0,0,0,0,2,1,0,0,1,4,4,1,87,94,1,0,0,0,0,0,0,0,0
88690,Matheus Cunha,Brazil,F,15186856,9.2,64,2,0,0,0,0,0,0,0,0,0,0,0,0,0,1,0,4,5,1,25,29,0,1,1,0,0,0,0,0,0
89070,Khozhiakbar Alizhonov,Uzbekistan,D,15186858,5.9,45,0,0,0,0,0,2,0,0,0,0,0,0,0,0,2,0,2,6,1,6,8,1,1,0,1,2,0,0,0,0
88095,Connor Metcalfe,Australia,M,15186878,6.6,45,0,0,0,0,0,0,0,0,0,0,0,0,1,0,1,1,2,3,0,10,15,0,1,0,0,0,0,0,0,0
89141,Ahmed Basil,Iraq,G,15186769,5.5,90,0,0,0,0,0,3,0,0,0,0,0,7,2,0,0,0,0,0,0,30,44,0,0,0,0,0,2,0,0,0
88941,Yazan Al-Arab,Jordan,D,15186740,6.3,90,0,0,0,0,0,2,0,0,0,0,0,2,5,1,1,0,3,7,0,20,26,0,0,0,0,1,0,0,0,0
88288,Nicolas Raskin,Belgium,M,15186499,7.1,58,0,0,0,0,0,0,0,0,0,0,0,0,0,0,0,0,3,5,0,60,67,0,1,0,1,1,0,0,0,0
88899,Hwang In-beom,South Korea,M,15186490,6.5,90,0,0,0,0,0,0,0,0,0,0,0,3,0,0,1,0,2,6,0,53,60,0,1,0,0,0,0,0,0,0
88836,Johan Vásquez,Mexico,D,15186490,7.1,90,0,0,0,0,1,0,0,0,0,0,0,1,2,3,0,0,1,2,0,47,54,0,0,0,0,0,0,0,0,0
88849,Santiago Giménez,Mexico,F,15186490,6.3,10,0,0,0,0,0,0,0,0,0,0,0,0,0,0,0,0,0,3,0,2,3,0,2,0,0,0,0,0,0,0
89033,Samuel Moutoussamy,DR Congo,M,15186713,6.4,82,0,0,0,0,0,0,0,0,0,0,0,1,0,0,1,2,3,7,0,21,28,0,0,0,0,0,0,0,0,0
87988,Firas Al-Buraikan,Saudi Arabia,F,15186840,6.3,60,0,0,0,0,0,0,0,0,0,0,0,0,1,0,1,0,3,6,1,12,17,0,0,0,0,0,0,0,0,0
88382,Tijjani Reijnders,Netherlands,M,15186957,6.2,59,0,0,0,0,0,0,0,0,0,0,0,0,0,0,0,0,2,7,2,9,12,0,2,1,0,1,0,0,0,0
88991,Alexis Mac Allister,Argentina,M,15186502,6.9,90,0,0,0,0,0,0,0,0,0,0,0,2,1,0,1,3,5,11,1,62,66,0,0,0,0,0,0,0,0,0
88883,Kim Min-jae,South Korea,D,15186490,6.9,90,0,0,0,0,0,1,0,0,0,0,0,4,2,0,0,2,3,4,0,91,97,0,0,0,0,0,0,0,0,0
89123,Ismail Jakobs,Senegal,D,15186770,6.6,36,0,0,0,0,0,1,0,0,0,0,0,0,1,0,0,1,2,4,0,10,11,1,0,0,0,0,0,0,0,0
88986,Nicolás González,Argentina,M,15186502,6.9,25,0,0,0,0,0,0,0,0,0,0,0,0,1,0,0,0,4,5,2,4,8,0,0,0,1,2,0,0,0,0
88284,Alexis Saelemaekers,Belgium,M,15186499,6.7,58,0,0,0,0,0,0,0,0,0,0,0,0,0,0,0,1,3,7,0,16,22,0,1,1,2,5,0,0,0,0
89011,Vitinha,Portugal,M,15186858,7.7,83,0,0,0,0,0,0,0,0,0,0,0,6,0,0,0,0,0,3,0,95,98,1,0,0,0,0,0,0,0,0
88144,Kerem Aktürkoğlu,Türkiye,F,15186879,6.6,45,0,0,0,0,0,0,0,0,0,0,0,0,0,0,0,0,1,2,0,3,5,2,1,0,0,0,0,0,0,0
88156,Barış Alper Yılmaz,Türkiye,M,15186879,6.6,45,0,0,0,0,0,0,0,0,0,0,0,0,0,0,0,0,3,8,0,6,7,1,0,0,3,4,0,0,0,0
88388,Ryan Gravenberch,Netherlands,M,15186957,6.5,90,0,0,0,0,0,0,0,0,0,0,0,1,0,0,3,1,4,9,1,26,29,0,0,0,0,1,0,0,0,0
88850,César Huerta,Mexico,M,15186490,6.6,13,0,0,0,0,0,0,0,0,0,0,0,0,0,0,0,0,1,2,0,1,1,0,0,0,1,1,0,0,0,0
88378,Liberato Cacace,New Zealand,D,15186827,6.7,76,0,0,0,0,0,2,0,0,0,0,0,1,3,0,1,0,6,9,3,17,20,2,0,0,2,3,0,0,0,0
88352,Elijah Just,New Zealand,M,15186827,7.3,85,0,0,0,0,0,0,0,0,0,0,0,2,1,0,0,1,4,8,0,25,27,0,0,0,1,3,0,0,0,0
88409,Yukinari Sugawara,Japan,D,15186963,6.4,16,0,0,0,0,0,0,0,0,0,0,0,0,0,0,0,0,1,1,0,10,15,0,0,0,0,0,0,0,0,0
88420,Zion Suzuki,Japan,G,15186963,6.9,90,0,0,0,0,1,0,0,0,0,0,0,3,1,0,0,0,1,1,1,17,19,0,0,0,0,0,0,0,1,0
88413,Keito Nakamura,Japan,M,15186963,7.6,79,0,1,0,0,0,0,0,0,0,0,0,0,1,0,0,2,5,7,0,25,28,1,0,1,2,2,0,0,0,0
88312,Amirhossein Hosseinzadeh,Iran,F,15186499,6.4,11,0,0,0,0,0,0,0,0,0,0,0,0,0,0,0,1,1,3,0,4,6,0,0,0,0,0,0,0,0,0
88233,Kwasi Sibo,Ghana,M,15186672,6.7,90,0,0,0,0,0,0,0,0,0,0,0,1,2,2,1,0,1,6,0,15,15,0,1,0,0,0,0,0,0,0
88090,Sergiño Dest,USA,D,15186878,6.9,80,0,0,0,0,1,0,0,0,0,0,0,1,0,0,0,0,4,8,2,23,24,1,2,0,2,3,0,0,0,0
88061,Kevin Lenini,Cabo Verde,M,15186800,7.6,71,1,0,0,0,0,0,0,0,0,0,0,0,3,0,1,2,6,11,0,21,25,2,3,0,1,1,0,0,0,0
88658,Lewis Ferguson,Scotland,M,15186859,7.3,90,0,0,0,0,0,0,0,0,0,0,0,2,1,0,2,4,10,15,3,61,67,0,1,0,0,1,0,0,0,0
88107,Jacob Italiano,Australia,M,15186878,6,90,0,0,1,0,0,0,0,0,0,0,0,2,4,0,0,1,5,13,0,20,27,0,0,0,3,6,0,0,0,0
88153,Orkun Kökçü,Türkiye,M,15186879,6.6,13,0,0,0,0,0,0,0,0,0,0,0,1,0,0,0,0,0,1,0,6,9,0,1,0,0,0,0,0,0,0
88558,Felix Nmecha,Germany,M,15186905,7.4,90,0,1,0,0,0,0,0,0,0,0,0,3,0,0,3,5,10,20,1,59,65,2,2,0,0,4,0,0,0,0
87970,Alex Baena,Spain,M,15186840,6.8,61,0,0,0,0,0,0,0,0,0,0,0,2,2,0,0,0,0,3,0,35,40,2,1,0,0,1,0,0,0,0
88393,Brian Brobbey,Netherlands,F,15186957,8.3,72,2,0,0,0,0,0,0,0,0,0,0,0,0,1,0,0,3,5,1,5,6,2,1,1,0,0,0,0,0,0
88776,Ahmed Fathi,Qatar,M,15186798,6.5,42,0,0,1,0,0,0,0,0,0,0,0,0,1,2,0,0,1,2,1,1,2,0,0,0,0,0,0,0,0,0
87968,Pedro Porro,Spain,D,15186840,7.2,90,0,0,0,0,1,0,0,0,0,0,0,2,2,0,2,3,4,5,0,61,66,3,0,0,0,0,0,0,0,0
89124,Pathé Ismaël Ciss,Senegal,M,15186770,7.2,27,0,0,0,0,0,0,0,0,0,0,0,1,0,1,0,0,1,2,0,19,22,0,0,0,0,0,0,0,0,0
89105,Luis Javier Suárez,Colombia,F,15186713,6.6,58,0,0,0,0,0,0,0,0,0,0,0,0,0,0,0,0,3,6,1,6,8,0,2,0,0,0,0,0,0,0
88194,Anthony Gordon,England,M,15186672,6.9,65,0,0,0,0,0,0,0,0,0,0,0,0,0,0,0,1,6,12,3,20,22,2,2,0,2,5,0,0,0,0
89145,Amir Al-Ammari,Iraq,M,15186769,6.6,68,0,0,1,0,0,0,0,0,0,0,0,1,2,3,1,1,2,5,0,41,47,0,0,0,1,1,0,0,0,0
87996,Abdullah Al-Hamdan,Saudi Arabia,M,15186840,6.5,45,0,0,0,0,0,0,0,0,0,0,0,0,1,0,0,0,1,2,0,6,8,0,0,0,1,1,0,0,0,0
88404,Crysencio Summerville,Netherlands,M,15186957,8.4,45,1,1,0,0,0,0,0,0,0,0,0,0,1,0,1,1,3,6,1,9,10,1,0,0,1,2,0,0,0,0
88891,Kang-in Lee,South Korea,M,15186490,7,90,0,0,1,0,0,0,0,0,0,0,0,2,0,0,0,0,7,10,1,49,56,3,0,0,4,5,0,0,0,0
89047,Edo Kayembe,DR Congo,M,15186713,6.1,72,0,0,0,0,0,0,0,0,0,0,0,1,1,0,0,0,1,10,1,13,16,0,3,0,0,0,0,0,0,0
88334,Mohanad Lasheen,Egypt,M,15186827,7,90,0,0,1,0,0,0,0,0,0,0,0,5,2,1,1,4,5,8,0,42,45,1,0,0,0,0,0,0,0,0
88443,Benjamin Nygren,Sweden,M,15186957,5.8,56,0,0,0,0,0,0,0,0,0,0,0,0,0,0,0,0,1,7,0,15,17,0,2,0,0,0,0,0,0,0
88337,Hamdy Fathy,Egypt,M,15186827,6.8,41,0,0,0,0,0,0,0,0,0,0,0,1,2,0,1,1,4,4,0,26,27,0,0,0,0,0,0,0,0,0
88465,Ali Abdi,Tunisia,D,15186963,6.4,89,0,0,0,0,0,4,0,0,0,0,0,0,1,0,2,4,7,11,1,12,19,0,1,0,1,1,0,0,0,0
88466,Firas Chaouat,Tunisia,F,15186963,6.5,26,0,0,0,0,0,0,0,0,0,0,0,0,0,0,0,0,2,6,2,5,5,0,2,0,0,0,0,0,0,0
88224,Jerome Opoku,Ghana,D,15186672,7.6,90,0,0,0,0,1,0,0,0,0,0,0,3,5,1,1,1,6,7,3,11,15,1,0,0,0,0,0,0,0,0
89153,Ibrahim Bayesh,Iraq,M,15186769,6.1,69,0,0,0,0,0,0,0,0,0,0,0,0,1,0,0,0,2,8,0,13,16,0,2,0,0,0,0,0,0,0
88046,Deroy Duarte,Cabo Verde,M,15186800,6.9,45,0,0,0,0,0,0,0,0,0,0,0,1,0,0,2,2,2,3,0,8,10,0,0,0,0,0,0,0,0,0
88887,Kim Moon-hwan,South Korea,D,15186490,6.5,71,0,0,0,0,0,1,0,0,0,0,0,1,1,0,1,1,1,3,0,18,20,0,0,0,0,0,0,0,0,0
88681,Gabriel Martinelli,Brazil,F,15186856,7.3,26,0,0,0,0,0,0,0,0,0,0,0,0,1,0,1,0,2,5,2,9,9,1,0,0,0,1,0,0,0,0
88033,Darwin Núñez,Uruguay,F,15186800,6.5,20,0,0,0,0,0,0,0,0,0,0,0,1,0,0,0,0,2,5,0,6,7,1,0,0,1,2,0,0,0,0
88026,Sebastián Cáceres,Uruguay,D,15186800,6.7,90,0,0,0,0,0,2,0,0,0,0,0,4,3,1,0,1,3,6,0,56,66,0,0,0,0,0,0,0,0,0
88503,Jordy Alcivar,Ecuador,M,15186906,6.6,45,0,0,1,0,0,0,0,0,0,0,0,1,0,0,0,1,1,3,0,31,33,0,0,0,0,0,0,0,0,0
88572,Roshon van Eijma,Curaçao,D,15186906,6.9,14,0,0,0,0,0,0,0,0,0,0,0,0,2,0,0,0,3,3,0,1,2,0,0,0,0,0,0,0,0,0
89074,Akmal Mozgovoy,Uzbekistan,M,15186858,6.3,45,0,0,0,0,0,0,0,0,0,0,0,0,0,0,0,0,0,1,0,14,15,0,0,0,0,0,0,0,0,0
88341,Mohamed Abdelmonem,Egypt,D,15186827,0,1,0,0,0,0,0,0,0,0,0,0,0,0,1,0,0,0,0,0,0,2,2,0,0,0,0,0,0,0,0,0
88861,Matěj Kovář,Czechia,G,15186731,6.7,90,0,0,0,0,0,1,0,0,0,0,0,3,0,0,0,0,0,0,0,16,24,0,0,0,0,0,2,1,1,0
88206,Josip Stanišić,Croatia,D,15186520,7.7,90,0,1,0,0,1,0,0,0,0,0,0,1,4,0,2,0,6,8,3,27,31,1,0,0,0,0,0,0,0,0
88719,Jovo Lukić,Bosnia & Herzegovina,F,15186806,6.5,12,0,0,0,0,0,0,0,0,0,0,0,0,0,0,0,0,1,2,0,2,3,0,0,0,0,0,0,0,0,0
88940,Noor Al-Rawabdeh,Jordan,M,15186740,6.9,90,0,0,0,0,0,0,0,0,0,0,0,4,1,1,0,4,6,13,0,20,22,0,0,0,1,3,0,0,0,0
88022,Maximiliano Araújo,Uruguay,M,15186800,7.8,81,1,1,0,0,0,0,0,0,0,0,0,0,1,0,0,0,3,10,1,12,16,3,0,2,0,3,0,0,0,0
88749,Fabian Rieder,Switzerland,M,15186806,7,71,0,0,0,0,0,0,0,0,0,0,0,2,0,0,1,2,5,8,2,26,29,1,1,0,0,0,0,0,0,0
88525,Evann Guessand,Côte d'Ivoire,F,15186905,6.4,15,0,0,0,0,0,0,0,0,0,0,0,1,0,0,0,0,0,3,0,4,5,0,1,0,0,1,0,0,0,0
88959,Rayan Aït-Nouri,Algeria,D,15186740,7.1,85,0,0,0,0,0,1,0,0,0,0,0,2,0,0,1,5,9,13,2,50,56,0,1,0,1,3,0,0,0,0
88080,Chris Richards,USA,D,15186878,7.4,90,0,0,1,0,1,0,0,0,0,0,0,5,7,0,2,2,6,12,1,91,95,0,0,0,0,0,0,0,0,0
88023,Brian Rodríguez,Uruguay,M,15186800,6.5,9,0,0,0,0,0,0,0,0,0,0,0,0,0,0,0,0,1,3,0,2,3,1,1,0,1,2,0,0,0,0
88325,Ali Nemati,Iran,D,15186499,6.9,90,0,0,0,0,1,0,0,0,0,0,0,1,8,0,0,0,2,4,0,22,29,0,1,0,0,0,0,0,0,0
89169,Torbjørn Heggem,Norway,D,15186770,6.9,84,0,0,0,0,0,1,0,0,0,0,0,1,5,1,0,2,5,9,0,38,41,0,0,0,1,1,0,0,0,0
88777,Homam Al-Amin,Qatar,D,15186798,4.5,33,0,0,0,2,0,2,0,0,0,0,0,1,0,0,2,0,0,6,0,4,5,1,0,0,0,0,0,0,0,0
88184,Bukayo Saka,England,M,15186672,6.8,25,0,0,0,0,0,0,0,0,0,0,0,0,0,0,0,0,4,6,3,7,7,0,2,1,1,1,0,0,0,0
88073,Folarin Balogun,USA,F,15186878,6.4,89,0,0,1,0,0,0,0,0,0,0,0,0,0,0,1,0,3,9,2,9,14,0,1,0,1,2,0,0,0,0
88225,Antoine Semenyo,Ghana,M,15186672,6.1,90,0,0,0,0,0,0,0,0,0,0,0,0,0,0,0,0,2,11,0,3,5,0,2,1,1,3,0,0,0,0
89179,Marcus Pedersen,Norway,D,15186770,7.2,77,1,0,0,0,0,2,0,0,0,0,0,4,2,0,0,0,2,8,1,23,26,1,1,0,0,0,0,0,0,0
88738,Jonathan David,Canada,F,15186798,9,90,3,0,0,0,0,0,0,0,0,0,0,0,0,1,0,0,0,2,0,16,21,0,1,0,0,0,0,0,0,0
88809,Khuliso Mudau,South Africa,D,15186731,6.7,90,0,0,0,0,0,1,0,0,0,0,0,0,2,0,2,2,4,7,1,52,55,1,0,1,0,0,0,0,0,0
88264,José Fajardo,Panama,F,15186520,6.8,83,0,0,0,0,0,0,0,0,0,0,0,0,1,0,0,1,6,9,2,8,11,0,0,0,0,0,0,0,0,0
88492,Gonzalo Plata,Ecuador,M,15186906,7.5,90,0,0,0,0,0,0,0,0,0,0,0,2,0,0,1,1,5,12,1,43,49,3,2,0,2,3,0,0,0,0
88544,Nico Schlotterbeck,Germany,D,15186905,6.6,45,0,0,0,0,0,1,0,0,0,0,0,2,2,0,0,1,2,4,0,35,44,1,1,0,0,0,0,0,0,0
89192,William Saliba,France,D,15186769,7.1,90,0,0,0,0,1,0,0,0,0,0,0,0,3,1,2,0,4,9,0,61,64,0,0,0,0,0,0,0,0,0
88619,Frantzdy Pierrot,Haiti,F,15186856,6.5,45,0,0,1,0,0,0,0,0,0,0,0,0,2,0,0,0,5,11,2,6,9,0,1,0,0,0,0,0,0,0
88826,Erik Lira,Mexico,D,15186490,6.4,90,0,0,0,0,1,0,0,0,0,0,0,0,0,0,1,0,3,10,0,41,49,0,2,0,1,1,0,0,0,0
88752,Dan Ndoye,Switzerland,M,15186806,6.8,71,0,0,0,0,0,0,0,0,0,0,0,0,0,0,0,1,7,12,2,13,16,1,2,1,3,5,0,0,0,0
88996,Julián Alvarez,Argentina,F,15186502,6.5,26,0,0,0,0,0,0,0,0,0,0,0,0,0,0,0,0,0,1,0,8,9,0,0,0,0,0,0,0,0,0
88988,Thiago Almada,Argentina,M,15186502,6.9,64,0,0,0,0,0,0,0,0,0,0,0,0,0,0,0,2,3,5,0,33,38,1,0,1,0,1,0,0,0,0
88483,Elias Achouri,Tunisia,M,15186963,0,1,0,0,0,0,0,0,0,0,0,0,0,0,0,0,0,1,1,2,0,4,4,0,1,0,0,0,0,0,0,0
88182,Djed Spence,England,D,15186672,7.3,66,0,0,0,0,1,0,0,0,0,0,0,0,1,1,0,1,1,1,0,43,45,0,0,0,0,0,0,0,0,0
88193,Morgan Rogers,England,M,15186672,6.4,17,0,0,0,0,0,0,0,0,0,0,0,0,0,0,0,0,0,2,0,4,7,0,0,0,0,0,0,0,0,0
88213,Luka Sučić,Croatia,M,15186520,6.5,18,0,0,0,0,0,0,0,0,0,0,0,0,0,0,0,0,1,3,0,2,4,0,0,0,0,0,0,0,0,0
88854,Lukáš Červ,Czechia,M,15186731,7,78,0,0,0,0,0,0,0,0,0,0,0,1,3,0,0,0,4,6,2,20,25,0,0,0,1,1,0,0,0,0
88145,İsmail Yüksek,Türkiye,M,15186879,7,60,0,0,0,0,0,0,0,0,0,0,0,4,4,0,2,2,6,14,0,47,52,0,2,0,2,3,0,0,0,0
88593,Soufiane Rahimi,Morocco,F,15186859,6.5,13,0,0,0,0,0,0,0,0,0,0,0,0,1,0,0,0,0,1,0,0,1,0,0,0,0,0,0,0,0,0
88628,Ruben Providence,Haiti,M,15186856,6.3,71,0,0,0,0,0,0,0,0,0,0,0,0,0,0,0,0,3,7,2,9,12,1,1,0,1,4,0,0,0,0
89084,Abdulla Abdullaev,Uzbekistan,D,15186858,6.1,90,0,0,0,0,0,5,0,0,0,0,0,3,5,1,3,1,3,9,1,27,31,0,1,0,0,0,0,0,0,0
88208,Josip Šutalo,Croatia,D,15186520,7.2,90,0,0,0,0,1,0,0,0,0,0,0,1,4,1,1,1,3,7,0,69,79,0,0,0,0,0,0,0,0,0
88467,Sebastian Tounekti,Tunisia,M,15186963,6.3,64,0,0,0,0,0,0,0,0,0,0,0,0,0,0,0,0,0,2,0,8,9,0,2,0,0,0,0,0,0,0
88867,Pavel Šulc,Czechia,M,15186731,6.9,35,0,0,0,0,0,0,0,0,0,0,0,0,1,1,0,0,2,5,0,12,17,1,3,0,1,1,0,0,0,0
88857,Robin Hranáč,Czechia,D,15186731,6.6,90,0,0,0,0,0,1,0,0,0,0,0,4,4,1,1,0,3,8,0,32,38,0,0,0,0,0,0,0,0,0
88395,Jan Paul van Hecke,Netherlands,D,15186957,7.3,90,0,0,0,0,0,1,0,0,0,0,0,2,6,1,0,0,4,6,0,71,78,0,0,0,0,0,0,0,0,0
89144,Hussein Ali,Iraq,D,15186769,6.1,90,0,0,0,0,0,3,0,0,0,0,0,1,3,0,1,2,2,6,0,11,17,0,0,0,0,1,0,0,0,0
88865,David Zima,Czechia,D,15186731,6.5,12,0,0,0,0,0,1,0,0,0,0,0,0,2,1,0,0,2,2,0,7,8,0,0,0,0,0,0,0,0,0
89049,Nathanaël Mbuku,DR Congo,F,15186713,6.6,8,0,0,0,0,0,0,0,0,0,0,0,0,0,0,0,0,2,5,2,4,5,2,1,0,0,0,0,0,0,0
88874,Adam Hložek,Czechia,M,15186731,6.1,67,0,0,0,0,0,0,0,0,0,0,0,1,0,0,1,1,2,11,0,9,12,0,3,0,0,2,0,0,0,0
88215,Joško Gvardiol,Croatia,D,15186520,6.8,45,0,0,0,0,0,0,0,0,0,0,0,0,3,0,0,1,3,6,2,23,29,0,0,0,0,0,0,0,0,0
88442,Gustaf Lagerbielke,Sweden,D,15186957,6.1,90,0,0,0,0,0,5,0,0,0,0,0,0,2,1,0,4,13,18,0,42,52,0,1,1,1,1,0,0,0,0
88286,Arthur Theate,Belgium,D,15186499,6.8,17,0,0,0,0,0,0,0,0,0,0,0,0,0,0,0,0,1,1,0,9,9,1,0,0,0,0,0,0,0,0
88185,Noni Madueke,England,M,15186672,6.6,83,0,0,0,0,0,0,0,0,0,0,0,0,0,0,0,0,2,8,1,21,27,2,1,0,0,4,0,0,0,0
87998,Saud Abdulhamid,Saudi Arabia,D,15186840,6.1,90,0,0,0,0,0,4,0,0,0,0,0,0,2,1,1,1,3,4,0,41,45,0,0,0,0,0,0,0,0,0
88328,Emam Ashour,Egypt,M,15186827,6.4,85,0,0,0,0,0,0,0,0,0,0,0,0,0,0,0,0,5,9,3,49,53,2,1,0,1,2,0,0,0,0
88515,Amad Diallo,Côte d'Ivoire,M,15186905,6.5,75,0,0,0,0,0,0,0,0,0,0,0,0,0,0,2,2,2,9,0,17,18,2,2,0,0,5,0,0,0,0
88731,Tajon Buchanan,Canada,M,15186798,8,83,0,0,0,0,0,0,0,0,0,0,0,0,0,0,0,2,9,13,3,30,34,2,1,1,4,5,0,0,0,0
88071,Matthew Freese,USA,G,15186878,6.8,90,0,0,0,0,1,0,0,0,0,0,0,5,0,0,0,0,1,1,1,12,25,0,0,0,0,0,1,1,2,0
88513,Odilon Kossounou,Côte d'Ivoire,D,15186905,6.6,90,0,0,0,0,0,2,0,0,0,0,0,1,5,1,3,0,4,6,1,47,49,0,0,0,1,1,0,0,0,0
88132,Julio Enciso,Paraguay,M,15186879,7.6,89,0,1,0,0,0,0,0,0,0,0,0,0,1,0,1,1,10,14,2,14,20,4,0,0,7,9,0,0,0,0
89197,Manu Koné,France,M,15186769,7.1,90,0,0,0,0,0,0,0,0,0,0,0,0,0,0,0,2,5,10,1,67,73,0,2,0,1,1,0,0,0,0
88997,Enzo Fernández,Argentina,M,15186502,7.2,90,0,0,0,0,0,0,0,0,0,0,0,3,2,0,1,1,6,11,1,63,70,1,1,0,1,1,0,0,0,0
88081,Malik Tillman,USA,M,15186878,7.5,90,0,0,0,0,0,0,0,0,0,0,0,2,1,0,3,3,7,17,3,34,43,2,3,0,1,3,0,0,0,0
88027,Federico Viñas,Uruguay,F,15186800,6.8,70,0,0,0,0,0,0,0,0,0,0,0,0,0,1,0,0,6,9,1,4,9,0,0,1,1,2,0,0,0,0
88469,Omar Rekik,Tunisia,D,15186963,5.9,90,0,0,0,0,0,4,0,0,0,0,0,4,2,1,2,2,3,5,0,42,55,1,0,1,0,0,0,0,0,0
88745,Jacob Shaffelburg,Canada,M,15186798,6.6,19,0,0,0,0,0,0,0,0,0,0,0,0,0,0,0,0,1,2,0,17,18,1,1,0,0,0,0,0,0,0
88009,Khalid Al-Ghannam,Saudi Arabia,F,15186840,6.4,9,0,0,0,0,0,0,0,0,0,0,0,0,0,0,0,0,0,0,0,0,0,0,0,0,0,0,0,0,0,0
88904,Nicolas Seiwald,Austria,M,15186502,7.7,90,0,0,0,0,0,0,0,0,0,0,0,0,2,1,3,1,4,5,0,44,45,1,0,0,0,0,0,0,0,0
88921,Alexander Prass,Austria,M,15186502,6.3,22,0,0,0,0,0,0,0,0,0,0,0,0,1,0,0,0,0,0,0,13,14,0,0,0,0,0,0,0,0,0
88518,Wilfried Singo,Côte d'Ivoire,D,15186905,6.6,82,0,0,0,0,0,1,0,0,0,0,0,2,3,0,1,0,6,9,0,29,37,0,0,0,5,5,0,0,0,0
89196,Michael Olise,France,M,15186769,8,68,0,2,0,0,0,0,0,0,0,0,0,3,0,0,0,1,6,11,1,33,42,3,3,0,3,4,0,0,0,0
89203,Rayan Cherki,France,M,15186769,7.1,22,0,0,0,0,0,0,0,0,0,0,0,0,0,0,0,1,2,3,0,18,21,1,0,0,1,2,0,0,0,0
89029,Francisco Conceição,Portugal,M,15186858,7,45,0,0,0,0,0,0,0,0,0,0,0,1,0,0,0,2,5,7,1,26,29,1,0,0,2,4,0,0,0,0
88433,Anthony Elanga,Sweden,M,15186957,7.8,35,1,0,0,0,0,0,0,0,0,0,0,0,0,0,0,0,2,3,1,9,10,0,0,0,1,1,0,0,0,0
88509,Willian Pacho,Ecuador,D,15186906,7.5,90,0,0,0,0,1,0,0,0,0,0,0,0,5,1,1,1,6,9,0,65,70,0,1,0,0,0,0,0,0,0
88142,Isidro Pitta,Paraguay,F,15186879,5.9,45,0,0,0,0,0,0,0,0,0,0,0,0,1,0,0,0,0,8,0,3,8,0,2,2,0,0,0,0,0,0
88938,Saleem Obaid,Jordan,D,15186740,0,1,0,0,0,0,0,0,0,0,0,0,0,0,0,0,0,1,1,1,0,1,2,0,0,0,0,0,0,0,0,0
88953,Ali Olwan,Jordan,F,15186740,6.7,89,0,0,0,0,0,0,0,0,0,0,0,1,0,0,0,0,7,17,0,9,16,2,1,1,2,9,0,0,0,0
88454,Alexander Bernhardsson,Sweden,F,15186957,6.2,55,0,0,0,0,0,0,0,0,0,0,0,1,2,0,2,0,2,6,1,16,22,1,0,0,0,1,0,0,0,0
88154,Eren Elmalı,Türkiye,D,15186879,6.6,20,0,0,1,0,0,0,0,0,0,0,0,1,1,1,0,0,1,6,0,11,12,1,0,0,1,1,0,0,0,0
89154,Aimar Sher,Iraq,M,15186769,6.5,22,0,0,0,0,0,0,0,0,0,0,0,0,0,0,0,0,0,1,0,20,22,0,0,0,0,0,0,0,0,0
88743,Alistair Johnston,Canada,D,15186798,8.6,90,0,0,0,0,1,0,0,0,0,0,0,2,0,0,2,0,2,4,1,54,59,6,1,0,1,1,0,0,0,0
88811,Oswin Appollis,South Africa,M,15186731,7,90,0,0,0,0,0,0,0,0,0,0,0,4,0,0,0,1,5,6,1,34,38,0,1,0,2,2,0,0,0,0
87963,Yéremy Pino,Spain,M,15186840,6.3,45,0,0,0,0,0,0,0,0,0,0,0,0,0,0,0,0,0,4,0,17,21,0,0,0,0,2,0,0,0,0
88263,Carlos Harvey,Panama,D,15186520,6.3,90,0,0,0,0,0,1,0,0,0,0,0,1,2,1,0,0,5,13,2,23,36,0,1,0,1,1,0,0,0,0
88796,Yusuf Abdurisag,Qatar,F,15186798,6.5,40,0,0,0,0,0,0,0,0,0,0,0,0,1,0,1,1,1,4,0,4,7,0,0,0,0,0,0,0,0,0
88271,Tomás Rodríguez,Panama,F,15186520,0,1,0,0,0,0,0,0,0,0,0,0,0,0,0,0,0,0,1,1,1,0,1,0,0,0,0,0,0,0,0,0
88421,Ayase Ueda,Japan,F,15186963,9.6,84,2,1,0,0,0,0,0,0,0,0,0,0,1,0,0,0,4,9,1,9,14,2,2,0,1,2,0,0,0,0
88960,Hicham Boudaoui,Algeria,M,15186740,7.1,45,0,0,0,0,0,0,0,0,0,0,0,5,1,0,1,1,2,4,0,51,53,1,0,0,0,0,0,0,0,0
88934,Mohammad Abu Zrayq,Jordan,M,15186740,0,1,0,0,0,0,0,0,0,0,0,0,0,0,0,0,0,0,0,1,0,1,2,0,0,0,0,0,0,0,0,0
88074,Ricardo Pepi,USA,F,15186878,6.2,74,0,0,0,0,0,0,0,0,0,0,0,0,0,0,0,0,3,12,0,11,14,0,0,0,1,1,0,0,0,0
88912,Patrick Wimmer,Austria,M,15186502,6.3,12,0,0,0,0,0,0,0,0,0,0,0,1,0,0,1,0,3,7,1,3,5,0,0,0,0,0,0,0,0,0
88505,Moisés Caicedo,Ecuador,M,15186906,8,90,0,0,0,0,0,0,0,0,0,0,0,5,1,1,1,2,4,8,0,100,112,4,0,0,1,1,0,0,0,0
88075,Giovanni Reyna,USA,M,15186878,0,1,0,0,0,0,0,0,0,0,0,0,0,1,0,0,0,0,0,0,0,1,1,0,0,0,0,0,0,0,0,0
88825,Israel Reyes,Mexico,D,15186490,6.7,10,0,0,0,0,0,0,0,0,0,0,0,0,1,0,0,0,1,2,0,2,3,0,0,0,0,0,0,0,0,0
89032,Nuno Mendes,Portugal,D,15186858,8.9,90,1,0,0,0,1,0,0,0,0,0,0,4,2,0,0,2,9,17,4,43,56,3,0,0,2,7,0,0,0,0
88123,Juan Cáceres,Paraguay,D,15186879,8.2,81,0,0,0,0,1,0,0,0,0,0,0,4,7,0,1,5,17,24,1,6,10,1,0,0,2,3,0,0,0,0
88976,Ramiz Zerrouki,Algeria,M,15186740,6.2,45,0,0,1,0,0,0,0,0,0,0,0,4,1,0,2,1,1,3,0,51,55,0,0,0,0,0,0,0,0,0
88554,Jamie Leweling,Germany,M,15186905,6.6,30,0,0,0,0,0,0,0,0,0,0,0,0,0,0,0,0,0,0,0,11,14,0,0,0,0,0,0,0,0,0
88845,Raúl Rangel,Mexico,G,15186490,8,90,0,0,0,0,1,0,0,0,0,0,0,9,1,0,0,0,1,1,0,19,31,0,0,0,0,0,2,0,2,0
88177,Jude Bellingham,England,M,15186672,6.3,73,0,0,0,0,0,0,0,0,0,0,0,0,0,0,0,0,2,9,0,27,31,1,2,1,0,0,0,0,0,0
88815,Iqraam Rayners,South Africa,F,15186731,6.1,66,0,0,0,0,0,0,0,0,0,0,0,0,0,0,0,0,2,7,1,8,9,0,3,2,0,0,0,0,0,0
88589,Azzedine Ounahi,Morocco,M,15186859,6.7,89,0,0,0,0,0,0,0,0,0,0,0,1,0,1,0,1,2,6,1,66,73,2,1,0,0,3,0,0,0,0
88638,Louicius Don Deedson,Haiti,F,15186856,6.3,28,0,0,0,0,0,0,0,0,0,0,0,0,0,0,0,0,0,5,0,6,6,1,1,1,0,3,0,0,0,0
88128,Orlando Gill,Paraguay,G,15186879,7.9,90,0,0,0,0,1,0,0,0,0,0,0,12,2,0,0,0,0,0,0,12,35,0,0,0,0,0,2,3,1,0
87978,Pedri,Spain,M,15186840,7,70,0,0,0,0,0,0,0,0,0,0,0,1,0,1,6,0,0,3,0,58,68,0,1,0,0,1,0,0,0,0
88323,Shahriar Moghanlou,Iran,F,15186499,6.6,11,0,0,0,0,0,0,0,0,0,0,0,0,0,0,0,1,2,3,0,2,2,0,0,1,0,0,0,0,0,0
88386,Bart Verbruggen,Netherlands,G,15186957,8.3,90,0,0,0,0,0,1,0,0,0,0,0,7,1,0,0,0,0,0,0,24,34,0,0,0,0,0,3,4,0,0
88192,Elliot Anderson,England,M,15186672,7.2,74,0,0,0,0,0,0,0,0,0,0,0,2,0,0,0,3,9,15,3,66,74,0,2,0,0,0,0,0,0,0
88926,Carney Chukwuemeka,Austria,M,15186502,6.5,13,0,0,0,0,0,0,0,0,0,0,0,0,0,0,0,0,1,1,1,6,6,0,0,0,0,0,0,0,0,0
88324,Mohammad Mohebi,Iran,M,15186499,6.5,66,0,0,0,0,0,0,0,0,0,0,0,0,2,0,1,0,2,7,1,7,11,0,1,0,0,0,0,0,0,0
89211,Bradley Barcola,France,M,15186769,6.9,83,0,0,0,0,0,0,0,0,0,0,0,0,0,0,1,2,5,6,0,25,32,0,0,0,2,3,0,0,0,0
89199,Malo Gusto,France,D,15186769,6.6,10,0,0,0,0,0,0,0,0,0,0,0,0,0,0,0,0,0,1,0,6,7,0,0,0,0,0,0,0,0,0
88276,Maxim De Cuyper,Belgium,D,15186499,7.5,90,0,0,0,0,1,0,0,0,0,0,0,2,1,0,0,0,3,5,1,48,56,0,0,0,1,1,0,0,0,0
88389,Micky van de Ven,Netherlands,D,15186957,6.8,90,0,0,0,0,0,1,0,0,0,0,0,1,2,0,0,1,5,8,1,41,44,1,1,0,0,0,0,0,0,0
89059,Abduvokhid Nematov,Uzbekistan,G,15186858,6.3,90,0,0,0,0,0,5,0,0,0,0,0,1,2,0,0,0,0,0,0,10,22,0,0,0,0,0,3,1,1,0
88470,Amine Ben Hmida,Tunisia,D,15186963,6.2,45,0,0,0,0,0,2,0,0,0,0,0,0,3,0,0,3,3,3,0,22,29,0,0,0,0,0,0,0,0,0
88516,Guéla Doué,Côte d'Ivoire,D,15186905,6.2,8,0,0,0,0,0,1,0,0,0,0,0,0,1,0,0,0,0,1,0,7,7,0,0,0,0,0,0,0,0,0
88898,Han-Beom Lee,South Korea,D,15186490,6.6,90,0,0,0,0,0,1,0,0,0,0,0,5,3,0,1,0,8,13,2,54,64,0,0,0,0,0,0,0,0,0
88376,Jesse Randall,New Zealand,F,15186827,6.5,14,0,0,0,0,0,0,0,0,0,0,0,0,0,0,0,0,1,2,0,2,3,0,0,0,1,1,0,0,0,0
88892,Ji-sung Eom,South Korea,M,15186490,7.5,19,0,0,0,0,0,0,0,0,0,0,0,0,1,0,0,0,3,3,1,3,3,1,0,0,1,1,0,0,0,0
88493,Pedro Vite,Ecuador,M,15186906,7.7,90,0,0,0,0,0,0,0,0,0,0,0,2,0,0,0,1,5,13,2,87,94,6,1,0,0,1,0,0,0,0
88359,Marko Stamenić,New Zealand,M,15186827,7.1,90,0,0,0,0,0,0,0,0,0,0,0,2,3,1,2,0,3,8,0,47,54,3,0,0,1,3,0,0,0,0
89126,Pape Matar Sarr,Senegal,M,15186770,6.5,18,0,0,0,0,0,0,0,0,0,0,0,0,0,0,0,0,0,1,0,18,21,0,0,0,0,0,0,0,0,0
88508,Piero Hincapié,Ecuador,D,15186906,7.5,90,0,0,0,0,1,0,0,0,0,0,0,2,5,0,1,1,10,15,2,62,72,2,0,0,1,1,0,0,0,0
88086,Joe Scally,USA,D,15186878,6.9,10,0,0,0,0,0,0,0,0,0,0,0,0,2,0,0,0,1,1,1,3,5,0,0,0,0,0,0,0,0,0
88471,Anis Ben Slimane,Tunisia,M,15186963,6.7,90,0,0,0,0,0,0,0,0,0,0,0,1,1,0,1,2,3,5,0,31,37,0,0,0,0,1,0,0,0,0
88260,Jiovany Ramos,Panama,D,15186520,6.6,77,0,0,0,0,0,1,0,0,0,0,0,1,2,0,1,0,4,9,0,30,33,0,0,0,1,1,0,0,0,0
88482,Hannibal Mejbri,Tunisia,M,15186963,6.8,90,0,0,0,0,0,0,0,0,0,0,0,1,0,0,0,1,8,16,7,28,33,0,2,0,0,1,0,0,0,0
89149,Ali Al-Hamadi,Iraq,F,15186769,6.1,64,0,0,0,0,0,0,0,0,0,0,0,0,0,0,0,0,6,11,3,12,16,0,1,0,1,2,0,0,0,0
88643,Lenny Joseph,Haiti,F,15186856,6.4,19,0,0,0,0,0,0,0,0,0,0,0,1,0,0,0,0,1,5,0,2,3,0,1,0,1,1,0,0,0,0
88538,Jamal Musiala,Germany,M,15186905,6.5,60,0,0,0,0,0,0,0,0,0,0,0,0,0,0,0,2,6,11,2,20,26,1,2,0,2,4,0,0,0,0
88893,Hyeon-gyu Oh,South Korea,F,15186490,6.3,33,0,0,0,0,0,0,0,0,0,0,0,0,0,0,0,0,1,5,0,3,4,0,0,0,0,2,0,0,0,0
88784,Mahmud Abunada,Qatar,G,15186798,6.3,90,0,0,0,0,0,6,0,0,0,0,0,6,4,0,0,0,0,0,0,11,30,0,0,0,0,0,4,0,0,0
88347,Marwan Attia,Egypt,M,15186827,7.2,90,0,0,0,0,0,0,0,0,0,0,0,6,2,1,0,0,0,1,0,82,87,2,0,0,0,0,0,0,0,0
88526,Emmanuel Agbadou,Côte d'Ivoire,D,15186905,6.3,90,0,0,0,0,0,2,0,0,0,0,0,2,7,0,2,1,2,4,0,50,56,0,0,0,0,0,0,0,0,0
89146,Zidane Iqbal,Iraq,M,15186769,6.9,90,0,0,0,0,0,0,0,0,0,0,0,3,0,1,1,1,5,9,1,66,71,1,1,0,1,2,0,0,0,0
89075,Sherzod Nasrullaev,Uzbekistan,D,15186858,6.2,45,0,0,0,0,0,3,0,0,0,0,0,0,0,0,1,0,0,1,0,8,12,0,0,0,0,0,0,0,0,0
88896,Gue-sung Cho,South Korea,F,15186490,6.1,13,0,0,0,0,0,0,0,0,0,0,0,0,0,0,0,0,0,3,0,0,0,0,0,0,0,1,0,0,0,0
88936,Nizar Al-Rashdan,Jordan,M,15186740,6.8,90,1,0,0,0,0,0,0,0,0,0,0,1,2,0,0,2,8,17,2,19,28,0,2,0,1,2,0,0,0,0
88823,Thalente Mbatha,South Africa,M,15186731,6.7,90,0,0,1,0,0,0,0,0,0,0,0,0,1,1,1,0,3,6,0,30,33,0,0,0,0,0,0,0,0,0
88774,Jassem Gaber Abdulsallam,Qatar,M,15186798,6.5,45,0,0,0,0,0,0,0,0,0,0,0,1,2,0,0,1,2,3,0,8,10,0,0,0,0,0,0,0,0,0
88072,Sebastian Berhalter,USA,M,15186878,6.8,16,0,0,0,0,0,0,0,0,0,0,0,2,3,0,0,0,2,3,0,6,10,0,0,0,0,0,0,0,0,0
88143,Damián Bobadilla,Paraguay,M,15186879,6.9,45,0,0,0,0,0,0,0,0,0,0,0,0,2,0,0,0,3,4,1,1,3,0,0,0,0,0,0,0,0,0
89091,Richard Ríos,Colombia,M,15186713,6.7,13,0,0,0,0,0,0,0,0,0,0,0,0,0,1,0,0,2,4,1,2,3,0,1,0,0,0,0,0,0,0
88961,Zineddine Belaid,Algeria,D,15186740,7,12,0,0,0,0,0,0,0,0,0,0,0,0,2,0,0,0,3,3,0,6,7,1,0,0,0,0,0,0,0,0
88115,Mohamed Touré,Australia,F,15186878,6.7,45,0,0,0,0,0,0,0,0,0,0,0,0,0,0,0,1,2,5,0,6,7,0,1,0,0,0,0,0,0,0
88552,Florian Wirtz,Germany,M,15186905,7.4,90,0,0,0,0,0,0,0,0,0,0,0,0,0,0,1,1,6,17,1,67,79,2,1,0,3,5,0,0,0,0
88884,Young-woo Seol,South Korea,D,15186490,6.3,71,0,0,0,0,0,1,0,0,0,0,0,1,0,0,0,0,0,0,0,24,30,0,0,3,0,0,0,0,0,0
89052,Steve Kapuadi,DR Congo,D,15186713,6.2,90,0,0,0,0,0,1,0,0,0,0,0,1,2,1,1,0,0,3,0,29,35,1,0,0,0,0,0,0,0,0
88662,Nathan Patterson,Scotland,D,15186859,6.3,89,0,0,0,0,0,1,0,0,0,0,0,1,2,0,2,0,1,2,0,26,32,0,0,0,0,1,0,0,0,0
88422,Yuito Suzuki,Japan,F,15186963,6.6,11,0,0,0,0,0,0,0,0,0,0,0,0,0,0,0,1,1,2,0,4,4,0,1,0,0,0,0,0,0,0
88813,Evidence Makgopa,South Africa,F,15186731,6.5,24,0,0,0,0,0,0,0,0,0,0,0,0,0,0,0,1,4,8,0,5,6,0,0,0,1,1,0,0,0,0
88010,Moteb Al-Harbi,Saudi Arabia,D,15186840,5.5,90,0,0,0,0,0,4,0,0,0,0,0,1,2,0,3,0,1,5,1,19,24,0,1,0,0,2,0,0,0,0
88448,Taha Abdi Ali,Sweden,M,15186957,6.6,11,0,0,0,0,0,0,0,0,0,0,0,0,0,0,0,0,1,1,0,5,7,2,0,0,1,1,0,0,0,0
88839,Brian Gutiérrez,Mexico,M,15186490,7.1,71,0,0,0,0,0,0,0,0,0,0,0,1,0,0,1,1,3,3,1,17,19,1,0,0,0,0,0,0,0,0
89148,Marko Farji,Iraq,M,15186769,7.1,21,0,0,0,0,0,0,0,0,0,0,0,0,0,0,0,0,2,2,1,3,4,1,0,0,1,1,0,0,0,0
88406,Kaishu Sano,Japan,M,15186963,7.7,90,0,1,0,0,0,0,0,0,0,0,0,1,0,0,2,1,2,4,1,71,75,1,0,0,0,0,0,0,0,0
89173,David Møller Wolfe,Norway,D,15186770,6.6,90,0,0,0,0,0,2,0,0,0,0,0,0,1,2,1,1,3,6,0,17,22,0,0,0,1,1,0,0,0,0
88057,Telmo Arcanjo,Cabo Verde,M,15186800,6.5,45,0,0,0,0,0,0,0,0,0,0,0,2,0,1,0,0,2,4,1,10,13,0,0,0,1,1,0,0,0,0
88633,Josué Casimir,Haiti,M,15186856,5.5,62,0,0,0,0,0,0,0,0,0,0,0,0,0,1,0,0,1,4,0,12,16,0,1,0,1,1,0,0,0,0
88574,Jearl Margaritha,Curaçao,M,15186906,6.3,14,0,0,0,0,0,0,0,0,0,0,0,0,0,0,0,0,0,3,0,3,3,0,0,0,0,1,0,0,0,0
88437,Yasin Ayari,Sweden,M,15186957,6.2,79,0,0,1,0,0,0,0,0,0,0,0,0,0,0,0,1,6,13,2,20,25,0,4,0,1,3,0,0,0,0
88338,Mostafa Shobeir,Egypt,G,15186827,8.1,90,0,0,0,0,0,1,0,0,0,0,0,4,5,0,0,0,5,5,2,12,17,0,0,0,0,0,4,0,1,0
88970,Jaouen Hadjam,Algeria,D,15186740,6.7,13,0,0,0,0,0,0,0,0,0,0,0,0,0,0,1,0,1,2,0,4,5,0,0,0,1,2,0,0,0,0
88818,Jayden Adams,South Africa,M,15186731,6.5,45,0,0,0,0,0,0,0,0,0,0,0,2,1,0,1,0,0,1,0,20,20,1,0,0,0,0,0,0,0,0
88704,Ivan Bašić,Bosnia & Herzegovina,M,15186806,6.3,27,0,0,0,0,0,0,0,0,0,0,0,1,1,0,0,0,0,0,0,12,13,1,0,0,0,0,0,0,0,0
88330,Hossam Abdelmaguid,Egypt,D,15186827,7.1,14,0,0,0,0,0,0,0,0,0,0,0,0,5,0,0,0,3,3,0,1,2,0,0,0,0,0,0,0,0,0
88596,Ismael Saibari,Morocco,M,15186859,7.8,84,1,0,0,0,0,0,0,0,0,0,0,0,1,0,0,1,2,4,0,21,25,1,0,0,0,1,0,0,0,0
88686,Danilo Santos,Brazil,M,15186856,6.8,9,0,0,0,0,0,0,0,0,0,0,0,0,0,0,0,0,1,1,0,2,5,0,0,0,0,0,0,0,0,0
88602,Chadi Riad,Morocco,D,15186859,7.3,90,0,0,0,0,1,0,0,0,0,0,0,0,2,2,0,0,2,2,0,66,69,0,0,0,0,0,0,0,0,0
89174,Oscar Bobb,Norway,M,15186770,6.5,17,0,0,0,0,0,0,0,0,0,0,0,0,0,0,0,0,0,0,0,3,3,0,0,0,0,0,0,0,0,0
88125,Diego Gómez,Paraguay,M,15186879,6.9,67,0,0,0,0,0,0,0,0,0,0,0,2,3,1,1,0,8,17,0,11,20,0,3,0,2,3,0,0,0,0
88212,Marco Pašalić,Croatia,M,15186520,7,72,0,0,0,0,0,0,0,0,0,0,0,1,2,0,1,1,8,15,2,13,19,1,1,1,3,3,0,0,0,0
88794,Mohamed Naceur Almanai,Qatar,M,15186798,5.4,45,0,0,0,0,0,0,0,0,0,0,0,0,2,1,1,0,1,3,0,1,1,0,1,0,0,0,0,0,0,0
89127,Nicolas Jackson,Senegal,F,15186770,6.7,90,0,1,0,0,0,0,0,0,0,0,0,0,1,0,0,0,4,7,0,16,19,1,1,2,0,1,0,0,0,0
87981,Nico Williams,Spain,M,15186840,6.3,29,0,0,0,0,0,0,0,0,0,0,0,0,0,0,0,0,0,3,0,10,11,0,2,0,0,1,0,0,0,0
88532,Ange-Yoan Bonny,Côte d'Ivoire,F,15186905,6.4,75,0,0,0,0,0,0,0,0,0,0,0,0,0,0,0,0,3,8,0,10,12,0,1,0,0,0,0,0,0,0
89012,Renato Veiga,Portugal,D,15186858,7.2,90,0,0,1,0,1,0,0,0,0,0,0,1,4,1,1,0,3,6,1,63,68,0,0,0,0,0,0,0,0,0
88238,Marvin Senaya,Ghana,D,15186672,7.3,87,0,0,0,0,1,0,0,0,0,0,0,0,4,0,2,5,9,14,2,7,8,0,0,0,0,1,0,0,0,0
88214,Martin Baturina,Croatia,M,15186520,7.5,90,0,0,0,0,0,0,0,0,0,0,0,0,1,0,0,0,15,21,7,21,25,0,3,0,6,6,0,0,0,0
88166,Arda Güler,Türkiye,M,15186879,7.6,90,0,0,0,0,0,0,0,0,0,0,0,4,1,0,1,1,7,10,6,58,70,3,2,1,0,0,0,0,0,0
88200,Petar Sučić,Croatia,M,15186520,6.3,18,0,0,1,0,0,0,0,0,0,0,0,0,1,0,0,0,0,4,0,11,13,0,1,0,0,0,0,0,0,0
88732,Nathan-Dylan Saliba,Canada,M,15186798,8.5,33,1,1,0,0,0,0,0,0,0,0,0,0,0,0,0,1,2,5,0,31,33,2,0,0,0,1,0,0,0,0
88048,Hélio Varela,Cabo Verde,M,15186800,7.4,32,1,0,0,0,0,0,0,0,0,0,0,0,1,0,0,0,1,6,0,2,2,0,2,0,1,1,0,0,0,0
89183,Andreas Schjelderup,Norway,F,15186770,6.8,19,0,0,0,0,0,0,0,0,0,0,0,0,1,0,0,0,1,5,0,6,8,1,0,0,1,1,0,0,0,0
89155,Ahmed Qasem,Iraq,M,15186769,6.2,90,0,0,0,0,0,0,0,0,0,0,0,0,0,0,0,0,3,8,1,10,13,1,4,0,1,1,0,0,0,0
88696,Benjamin Tahirović,Bosnia & Herzegovina,M,15186806,6.1,63,0,0,0,0,0,0,0,0,0,0,0,0,0,0,2,0,0,4,0,20,21,0,1,0,0,0,0,0,0,0
88703,Amar Dedić,Bosnia & Herzegovina,D,15186806,5.7,90,0,0,1,0,0,4,0,0,0,0,0,2,3,0,1,1,7,16,2,22,26,0,2,0,3,4,0,0,0,0
88977,Rafik Belghali,Algeria,D,15186740,6.1,90,0,0,0,0,0,1,0,0,0,0,0,1,1,0,0,0,2,8,0,68,73,1,1,0,2,4,0,0,0,0
88900,Gi-Hyuk Lee,South Korea,D,15186490,6.9,90,0,0,0,0,0,1,0,0,0,0,0,2,4,1,0,2,4,8,0,76,88,0,2,0,0,0,0,0,0,0
88897,Yang Hyun-Jun,South Korea,F,15186490,6.7,19,0,0,0,0,0,0,0,0,0,0,0,0,0,0,1,1,2,5,0,6,9,0,0,1,0,1,0,0,0,0
88235,Abdul Fatawu Issahaku,Ghana,F,15186672,6.7,24,0,0,0,0,0,0,0,0,0,0,0,0,1,0,0,0,2,3,1,1,2,0,0,0,0,0,0,0,0,0
88265,José Córdoba,Panama,D,15186520,6.3,90,0,0,0,0,0,1,0,0,0,0,0,2,7,0,1,1,3,10,0,38,43,0,1,0,0,0,0,0,0,0
88127,Matías Galarza,Paraguay,M,15186879,7.7,89,1,0,1,0,0,0,0,0,0,0,0,0,1,0,1,2,9,21,3,10,18,0,1,0,2,6,0,0,0,0
88011,Musab Al Juwayr,Saudi Arabia,M,15186840,6.1,45,0,0,0,0,0,0,0,0,0,0,0,0,0,0,0,2,3,6,1,12,17,1,0,2,0,1,0,0,0,0
89156,Youssef Amyn,Iraq,M,15186769,6.5,30,0,0,0,0,0,0,0,0,0,0,0,0,0,0,0,0,1,3,0,5,5,0,1,0,0,1,0,0,0,0
88625,Martin Expérience,Haiti,D,15186856,6.2,90,0,0,0,0,0,3,0,0,0,0,0,1,2,0,1,4,8,14,3,31,38,0,0,0,0,0,0,0,0,0
88520,Simon Adingra,Côte d'Ivoire,M,15186905,6.4,15,0,0,0,0,0,0,0,0,0,0,0,0,0,0,0,0,0,2,0,8,9,1,1,0,0,1,0,0,0,0
88064,Gilson Tavares,Cabo Verde,F,15186800,6.1,58,0,0,0,0,0,0,0,0,0,0,0,0,0,0,0,0,2,7,1,8,10,0,0,0,1,1,0,0,0,0
88458,Ismael Gharbi,Tunisia,M,15186963,6.3,45,0,0,0,0,0,0,0,0,0,0,0,0,0,0,1,0,2,7,2,5,7,0,1,0,0,2,0,0,0,0
88935,Abdallah Nasib,Jordan,D,15186740,6.9,90,0,0,0,0,0,2,0,0,0,0,0,0,7,2,0,3,6,7,0,16,23,0,0,0,0,0,0,0,0,0
88932,Mohannad Abu Taha,Jordan,M,15186740,7.1,85,0,0,0,0,0,0,0,0,0,0,0,0,6,0,2,2,10,17,0,19,27,2,2,0,2,3,0,0,0,0
88504,Nilson Angulo,Ecuador,M,15186906,6.8,20,0,0,0,0,0,0,0,0,0,0,0,0,0,0,1,0,2,4,0,15,16,0,0,0,2,4,0,0,0,0
88059,Sidny Lopes Cabral,Cabo Verde,D,15186800,6.7,90,0,0,1,0,0,2,0,0,0,0,0,3,7,0,1,1,10,15,5,14,17,0,1,0,1,3,0,0,0,0
88708,Tarik Muharemović,Bosnia & Herzegovina,D,15186806,6.2,80,0,0,0,1,0,1,0,0,0,0,0,1,11,0,3,0,3,6,0,36,43,0,0,0,0,0,0,0,0,0
89076,Abbosbek Fayzullaev,Uzbekistan,M,15186858,6.6,73,0,0,0,0,0,0,0,0,0,0,0,0,2,0,1,2,3,6,1,13,17,1,1,0,0,1,0,0,0,0
88109,Nishan Velupillay,Australia,M,15186878,6.1,45,0,0,0,0,0,0,0,0,0,0,0,0,0,0,0,1,2,7,0,3,8,1,0,0,0,3,0,0,0,0
88831,Obed Vargas,Mexico,M,15186490,6.8,19,0,0,0,0,0,0,0,0,0,0,0,0,0,0,0,1,1,3,0,9,12,0,0,0,0,1,0,0,0,0
88292,Nathan Ngoy,Belgium,D,15186499,6.9,66,0,0,0,1,1,0,0,0,0,0,0,4,0,0,0,2,4,6,0,73,77,0,0,0,0,0,0,0,0,0
89175,Antonio Nusa,Norway,M,15186770,6.7,71,0,0,0,0,0,0,0,0,0,0,0,1,1,0,1,0,0,2,0,6,10,1,1,0,0,1,0,0,0,0
88933,Husam Ali Mohammad Abudahab,Jordan,D,15186740,6.8,89,0,0,1,0,0,2,0,0,0,0,0,2,6,1,0,1,7,11,1,14,21,1,0,0,0,0,0,0,0,0
88362,Benjamin Old,New Zealand,M,15186827,6.5,24,0,0,0,0,0,0,0,0,0,0,0,0,0,0,0,0,1,2,1,7,11,0,0,0,0,1,0,0,0,0
88590,Bilal El Khannouss,Morocco,M,15186859,6.8,84,0,0,0,0,0,0,0,0,0,0,0,0,1,0,0,0,2,4,1,34,41,1,0,0,0,1,0,0,0,0
88765,Luca Jaquez,Switzerland,D,15186806,6.4,12,0,0,0,0,0,1,0,0,0,0,0,1,0,0,0,0,1,1,0,6,8,0,0,0,0,0,0,0,0,0
88597,Neil El Aynaoui,Morocco,M,15186859,7,90,0,0,0,0,0,0,0,0,0,0,0,3,0,0,3,4,6,11,0,76,80,1,1,0,0,1,0,0,0,0
88709,Amar Memić,Bosnia & Herzegovina,M,15186806,5.9,90,0,0,0,0,0,0,0,0,0,0,0,0,4,0,0,1,5,10,1,17,18,0,1,0,1,3,0,0,0,0
89200,Maghnes Akliouche,France,M,15186769,6.5,10,0,0,0,0,0,0,0,0,0,0,0,0,0,0,0,0,1,1,0,5,8,0,0,0,0,0,0,0,0,0
88459,Elias Saad,Tunisia,M,15186963,6.3,45,0,0,0,0,0,0,0,0,0,0,0,0,0,0,0,0,1,6,1,5,6,0,2,0,0,1,0,0,0,0
88733,Ismael Koné,Canada,M,15186798,7.1,57,0,0,0,0,0,0,0,0,0,0,0,1,0,0,1,1,4,7,1,45,50,1,2,0,1,1,0,0,0,0
88711,Esmir Bajraktarević,Bosnia & Herzegovina,M,15186806,6.3,26,0,0,0,0,0,0,0,0,0,0,0,0,0,0,1,0,0,3,0,9,9,0,3,0,0,0,0,0,0,0
88576,Livano Comenencia,Curaçao,D,15186906,6.4,84,0,0,1,0,1,0,0,0,0,0,0,1,2,0,1,0,0,6,0,14,17,0,1,0,0,2,0,0,0,0
88931,Mohammad Ali Hasheesh,Jordan,D,15186740,7,13,0,0,0,0,0,0,0,0,0,0,0,1,2,0,0,2,2,2,0,2,2,0,0,0,0,0,0,0,0,0
88560,Aleksandar Pavlović,Germany,M,15186905,6.4,60,0,0,0,0,0,0,0,0,0,0,0,1,2,0,0,0,1,5,1,65,70,1,0,0,0,0,0,0,0,0
88600,Chemsdine Talbi,Morocco,M,15186859,6.5,13,0,0,0,0,0,0,0,0,0,0,0,0,0,0,0,0,0,0,0,2,2,1,0,0,0,0,0,0,0,0
88178,Nico O'Reilly,England,D,15186672,6.8,24,0,0,0,0,0,0,0,0,0,0,0,0,0,0,0,0,5,6,0,11,13,0,0,0,0,1,0,0,0,0
88104,Jordan Bos,Australia,D,15186878,6.5,90,0,0,1,0,0,2,0,0,0,0,0,0,2,1,1,1,4,9,0,21,25,0,1,0,2,4,0,0,0,0
88101,Nestory Irankunda,Australia,M,15186878,6.6,45,0,0,0,0,0,0,0,0,0,0,0,0,1,0,0,0,3,6,1,6,8,1,1,0,0,0,0,0,0,0
88927,Paul Wanner,Austria,M,15186502,6.2,68,0,0,0,0,0,0,0,0,0,0,0,1,0,0,1,1,5,16,1,16,19,1,1,0,1,7,0,0,0,0
88157,Kenan Yıldız,Türkiye,M,15186879,7.3,90,0,0,0,0,0,0,0,0,0,0,0,0,0,0,0,1,7,17,2,47,51,4,4,0,4,7,0,0,0,0
88298,Matías Fernández-Pardo,Belgium,F,15186499,6.6,9,0,0,0,0,0,0,0,0,0,0,0,0,0,0,0,0,2,4,0,2,4,0,1,0,2,2,0,0,0,0
88720,Ermin Mahmić,Bosnia & Herzegovina,M,15186806,7.4,7,1,0,0,0,0,0,0,0,0,0,0,0,0,0,0,0,0,1,0,0,0,0,0,0,0,0,0,0,0,0
89162,Zaid Tahseen,Iraq,D,15186769,6.4,60,0,0,0,0,0,2,0,0,0,0,0,3,5,0,0,1,1,1,0,22,27,0,0,0,0,0,0,0,0,0
89207,Désiré Doué,France,M,15186769,6.5,22,0,0,0,0,0,0,0,0,0,0,0,0,0,0,0,0,0,0,0,10,12,0,0,0,0,0,0,0,0,0
88666,Ben Gannon-Doak,Scotland,M,15186859,6.5,30,0,0,0,0,0,0,0,0,0,0,0,0,0,0,0,0,2,5,0,10,11,0,1,0,2,2,0,0,0,0
88106,Alessandro Circati,Australia,D,15186878,7.4,90,0,0,1,0,0,2,0,0,0,0,0,1,5,2,0,3,11,14,1,21,30,0,0,0,1,1,0,0,0,0
88117,Cristian Volpato,Australia,M,15186878,6.8,29,0,0,0,0,0,0,0,0,0,0,0,2,0,0,0,0,6,9,1,14,17,1,1,0,5,6,0,0,0,0
88435,Isak Hien,Sweden,D,15186957,5.7,90,0,0,0,0,0,5,0,0,0,0,0,0,3,0,0,2,5,10,1,54,58,1,0,0,0,0,0,0,0,0
88537,Nathaniel Brown,Germany,D,15186905,7.2,90,0,0,0,0,0,1,0,0,0,0,0,0,2,2,1,2,6,7,0,30,37,0,0,0,0,0,0,0,0,0
88361,Finn Surman,New Zealand,D,15186827,7.7,90,1,0,0,0,0,3,0,0,0,0,0,1,3,3,0,1,2,9,0,44,46,0,0,0,0,0,0,0,0,0
89055,Noah Sadiki,DR Congo,M,15186713,6.6,45,0,0,0,0,0,0,0,0,0,0,0,0,1,0,0,0,2,3,0,12,16,0,1,0,0,0,0,0,0,0
88414,Junnosuke Suzuki,Japan,D,15186963,6.7,17,0,0,0,0,0,0,0,0,0,0,0,0,1,0,1,0,0,0,0,3,3,0,0,0,0,0,0,0,0,0
88734,Tani Oluwaseyi,Canada,F,15186798,6.3,19,0,0,0,0,0,0,0,0,0,0,0,0,0,0,0,0,1,6,0,3,3,0,2,0,0,0,0,0,0,0
88846,Luis Romo,Mexico,D,15186490,8,71,1,0,0,0,1,0,0,0,0,0,0,2,0,0,1,2,7,11,1,32,37,1,0,0,0,2,0,0,0,0
88623,Danley Jean Jacques,Haiti,M,15186856,6.4,90,0,0,1,0,0,0,0,0,0,0,0,6,0,0,1,1,3,6,0,44,50,0,0,0,0,2,0,0,0,0
88445,Besfort Zeneli,Sweden,M,15186957,6.6,34,0,0,0,0,0,0,0,0,0,0,0,0,0,0,0,0,1,2,0,22,23,0,0,0,0,0,0,0,0,0
89101,Gustavo Puerta,Colombia,M,15186713,6.9,90,0,0,0,0,0,0,0,0,0,0,0,0,1,0,1,1,8,14,4,47,51,0,1,0,2,4,0,0,0,0
88687,Endrick,Brazil,F,15186856,6.4,26,0,0,0,0,0,0,0,0,0,0,0,0,0,0,0,1,2,4,0,2,2,0,1,1,0,0,0,0,0,0
88580,Deveron Fonville,Curaçao,D,15186906,6.9,76,0,0,0,0,1,0,0,0,0,0,0,1,1,0,1,1,4,8,1,8,11,1,2,0,1,2,0,0,0,0
88105,Patrick Beach,Australia,G,15186878,6.5,90,0,0,0,0,0,2,0,0,0,0,0,5,0,0,0,0,0,1,0,10,15,0,0,0,0,0,0,1,0,0
88965,Ahmed Nadhir Benbouali,Algeria,F,15186740,7.6,45,1,0,0,0,0,0,0,0,0,0,0,0,0,0,0,1,6,12,0,6,9,0,2,0,1,1,0,0,0,0
88819,Thapelo Maseko,South Africa,M,15186731,6.8,84,0,0,0,0,0,0,0,0,0,0,0,0,0,0,1,0,6,12,3,17,18,0,1,0,2,3,0,0,0,0
88069,Alexander Freeman,USA,D,15186878,8.3,90,1,0,0,0,1,0,0,0,0,0,0,2,5,0,2,0,10,14,1,59,65,1,0,0,2,3,0,0,0,0
88642,Dominique Simon,Haiti,M,15186856,6.8,45,0,0,0,0,0,0,0,0,0,0,0,1,1,0,1,1,3,5,0,18,24,0,0,0,0,1,0,0,0,0
89013,João Neves,Portugal,M,15186858,7.1,76,0,0,0,0,0,0,0,0,0,0,0,1,0,1,0,1,3,4,1,52,54,0,0,0,0,0,0,0,0,0
88966,Farès Chaïbi,Algeria,M,15186740,6.5,90,0,0,0,0,0,0,0,0,0,0,0,1,0,0,2,1,6,9,1,46,60,1,1,0,0,0,0,0,0,0
89077,Abdukodir Khusanov,Uzbekistan,D,15186858,6.4,90,0,0,0,0,0,5,0,0,0,0,0,0,3,1,4,0,1,1,0,21,23,0,0,0,1,1,0,0,0,0
88321,Ehsan Hajsafi,Iran,D,15186499,6.6,66,0,0,0,0,1,0,0,0,0,0,0,0,2,0,1,1,1,3,0,3,10,0,1,0,0,0,0,0,0,0
88460,Aymen Dahmen,Tunisia,G,15186963,5.3,90,0,0,0,0,0,4,0,0,0,0,0,3,2,0,0,0,1,1,1,10,23,0,0,0,0,0,1,0,0,0
88822,Kamogelo Sebelebele,South Africa,M,15186731,6.4,14,0,0,0,0,0,0,0,0,0,0,0,0,1,0,0,0,1,5,0,4,5,0,0,0,1,3,0,0,0,0
88272,Azarias Londoño,Panama,M,15186520,6.5,13,0,0,0,0,0,0,0,0,0,0,0,0,0,0,0,0,1,3,0,2,3,0,0,0,1,2,0,0,0,0
88236,Jonas Adjei Adjetey,Ghana,D,15186672,6.8,90,0,0,0,0,1,0,0,0,0,0,0,3,6,2,0,1,1,7,0,16,21,0,0,0,0,0,0,0,0,0
88972,Anis Hadj Moussa,Algeria,F,15186740,6.3,14,0,0,0,0,0,0,0,0,0,0,0,0,0,0,1,0,1,5,0,4,7,2,0,0,1,5,0,0,0,0
89158,Merchas Doski,Iraq,D,15186769,6.6,90,0,0,0,0,0,3,0,0,0,0,0,1,4,0,3,2,6,12,2,54,58,1,0,0,0,1,0,0,0,0
88449,Elliot Stroud,Sweden,M,15186957,0,1,0,0,0,0,0,0,0,0,0,0,0,0,0,0,0,0,0,0,0,1,3,1,0,0,0,0,0,0,0,0
89130,Lamine Camara,Senegal,M,15186770,6.4,63,0,0,0,0,0,0,0,0,0,0,0,1,2,0,2,0,4,6,2,29,34,1,0,0,1,1,0,0,0,0
88436,Lucas Bergvall,Sweden,M,15186957,6.5,34,0,0,1,0,0,0,0,0,0,0,0,0,0,0,0,0,2,3,1,22,24,1,0,0,0,0,0,0,0,0
88415,Keisuke Goto,Japan,F,15186963,6.8,13,0,0,0,0,0,0,0,0,0,0,0,1,0,0,0,1,2,2,1,1,1,0,0,0,0,0,0,0,0,0
89056,Ngal'ayel Mukau,DR Congo,M,15186713,6.6,45,0,0,0,0,0,0,0,0,0,0,0,0,0,0,1,1,3,4,2,9,14,1,0,0,0,0,0,0,0,0
88785,Ayoub Al Oui,Qatar,D,15186798,5.6,90,0,0,0,0,0,6,0,0,0,0,0,0,8,1,2,0,2,2,0,3,10,0,0,0,0,0,0,0,0,0
87987,Lamine Yamal,Spain,M,15186840,8.2,45,1,0,0,0,0,0,0,0,0,0,0,1,1,0,0,1,3,3,0,29,32,1,0,0,2,2,0,0,0,0
87975,Pau Cubarsí,Spain,D,15186840,7.8,90,0,0,0,0,1,0,0,0,0,0,0,4,3,0,2,0,2,4,0,98,99,2,0,0,0,0,0,0,0,0
89082,Sherzod Esanov,Uzbekistan,M,15186858,0,1,0,0,0,0,0,0,0,0,0,0,0,0,1,0,1,0,0,0,0,0,0,0,0,0,0,0,0,0,0,0
88873,Alexandr Sojka,Czechia,M,15186731,7.2,55,0,1,0,0,0,0,0,0,0,0,0,2,2,0,0,0,3,6,1,20,23,1,2,0,1,1,0,0,0,0
88967,Ibrahim Maza,Algeria,M,15186740,6.6,90,0,0,0,0,0,0,0,0,0,0,0,0,0,0,0,1,9,17,1,28,35,2,3,0,5,10,0,0,0,0
88167,Deniz Gül,Türkiye,F,15186879,6.2,30,0,0,0,0,0,0,0,0,0,0,0,0,0,1,0,0,0,2,0,0,0,0,0,0,0,0,0,0,0,0
88100,Paul Okon-Engstler,Australia,M,15186878,6.9,78,0,0,0,0,0,0,0,0,0,0,0,5,4,0,0,2,7,13,2,32,34,0,1,0,0,0,0,0,0,0
88736,Niko Sigur,Canada,D,15186798,6.7,17,0,0,0,0,0,0,0,0,0,0,0,0,0,0,0,0,0,0,0,13,13,0,0,0,0,0,0,0,0,0
88737,Luc De Fougerolles,Canada,D,15186798,7.3,71,0,0,0,0,1,0,0,0,0,0,0,0,0,0,1,0,1,2,0,49,54,2,1,0,0,0,0,0,0,0
88350,Mostafa Ziko,Egypt,M,15186827,8,76,1,1,0,0,0,0,0,0,0,0,0,1,1,1,1,1,4,9,1,18,25,2,1,0,0,0,0,0,0,0
88715,Kerim Alajbegović,Bosnia & Herzegovina,M,15186806,6.1,89,0,0,0,0,0,0,0,0,0,0,0,0,2,0,1,0,2,7,1,17,23,2,2,0,1,2,0,0,0,0
88487,Kevin Rodriguez,Ecuador,F,15186906,6.5,45,0,0,0,0,0,0,0,0,0,0,0,0,1,0,0,1,4,8,2,9,11,3,1,0,0,0,0,0,0,0
88150,Can Uzun,Türkiye,M,15186879,6.8,30,0,0,0,0,0,0,0,0,0,0,0,0,0,0,0,0,2,4,1,15,17,4,0,0,1,3,0,0,0,0
88237,Benjamin Asare,Ghana,G,15186672,7.4,90,0,0,0,0,1,0,0,0,0,0,0,9,1,0,0,0,0,0,0,15,26,0,0,0,0,0,1,2,0,0
88942,Ali Al Azaizeh,Jordan,F,15186740,6.5,14,0,0,0,0,0,0,0,0,0,0,0,0,0,0,0,1,1,3,0,4,6,0,1,0,0,0,0,0,0,0
88735,Ali Ahmed,Canada,M,15186798,7.3,71,0,0,0,0,0,0,0,0,0,0,0,0,0,0,2,0,3,6,1,21,24,2,0,0,0,3,0,0,0,0
88688,Rayan,Brazil,F,15186856,6.5,50,0,0,0,0,0,0,0,0,0,0,0,1,0,0,1,0,2,6,2,16,18,1,0,0,0,1,0,0,0,0
88740,Moise Bombito,Canada,D,15186798,7.3,45,0,0,0,0,0,0,0,0,0,0,0,2,0,0,0,0,0,1,0,39,40,0,0,0,0,0,0,0,0,0
89131,El Hadji Malick Diouf,Senegal,M,15186770,6.2,54,0,0,0,0,0,0,0,0,0,0,0,2,3,0,1,1,2,8,0,20,20,0,0,0,1,1,0,0,0,0
88247,Prince Kwabena Adu,Ghana,F,15186672,6.2,22,0,0,0,0,0,0,0,0,0,0,0,0,0,0,0,0,0,3,0,1,1,0,0,0,0,0,0,0,0,0
88239,Kojo Peprah Oppong,Ghana,D,15186672,6.7,10,0,0,0,0,0,0,0,0,0,0,0,0,3,0,0,0,0,0,0,1,2,0,0,0,0,0,0,0,0,0
88816,Ime Okon,South Africa,D,15186731,7.1,90,0,0,0,0,0,1,0,0,0,0,0,2,5,1,1,1,4,4,0,80,84,1,0,0,1,1,0,0,0,0
88364,Tyler Bindon,New Zealand,D,15186827,7,16,0,0,0,0,0,0,0,0,0,0,0,2,0,0,0,0,2,4,0,7,11,0,0,0,1,1,0,0,0,0
88762,Johan Manzambi,Switzerland,M,15186806,8.4,19,2,0,0,0,0,0,0,0,0,0,0,0,0,0,0,0,1,5,0,9,13,0,0,0,1,4,0,0,0,0
88138,Alexandro Maidana,Paraguay,D,15186879,6.7,9,0,0,0,0,0,0,0,0,0,0,0,0,0,1,0,0,0,0,0,2,4,0,0,0,0,0,0,0,0,0
88609,Ayyoub Bouaddi,Morocco,M,15186859,6.5,90,0,0,0,0,0,0,0,0,0,0,0,1,1,0,1,0,1,3,0,59,64,0,0,0,0,0,0,0,0,0
88801,Relebohile Mofokeng,South Africa,M,15186731,6.3,45,0,0,0,0,0,0,0,0,0,0,0,0,0,0,0,0,0,5,0,16,21,1,0,0,0,0,0,0,0,0
89132,Ibrahim Mbaye,Senegal,F,15186770,7.3,36,0,0,0,0,0,0,0,0,0,0,0,0,0,0,0,0,5,5,1,14,16,2,0,0,1,1,0,0,0,0
89079,Bekhruz Karimov,Uzbekistan,D,15186858,6.1,89,0,0,0,0,0,5,0,0,0,0,0,1,3,0,0,4,12,26,4,20,25,1,3,0,4,6,0,0,0,0
88605,Samir El Mourabet,Morocco,M,15186859,0,1,0,0,0,0,0,0,0,0,0,0,0,1,0,0,0,0,0,0,0,6,6,2,0,0,0,0,0,0,0,0
89142,Akam Hashem,Iraq,D,15186769,7.1,90,0,0,0,0,0,3,0,0,0,0,0,2,9,0,2,0,2,3,0,68,71,0,0,0,1,1,0,0,0,0
88012,Mohammed Abu Al-Shamat,Saudi Arabia,M,15186840,6.8,30,0,0,0,0,0,0,0,0,0,0,0,1,1,0,0,3,4,6,1,15,19,0,0,0,0,0,0,0,0,0
88309,Saleh Hardani,Iran,D,15186499,6.6,45,0,0,0,0,0,0,0,0,0,0,0,0,2,1,1,0,1,5,1,2,5,0,0,0,0,1,0,0,0,0
89159,Zaid Ismail,Iraq,M,15186769,6.6,60,0,0,0,0,0,0,0,0,0,0,0,1,0,0,1,1,2,4,0,40,45,0,0,0,0,0,0,0,0,0
88531,Christ Inao Oulaï,Côte d'Ivoire,M,15186905,7.3,90,0,0,0,0,0,0,0,0,0,0,0,4,2,1,2,2,10,14,1,45,50,1,3,0,5,5,0,0,0,0
88798,Issa Laye,Qatar,D,15186798,6.8,90,0,0,0,0,0,6,0,0,0,0,0,0,6,0,0,1,4,6,1,14,17,0,0,0,0,0,0,0,0,0
88610,Ayoube Amaimouni Echghouyab,Morocco,F,15186859,6.4,13,0,0,0,0,0,0,0,0,0,0,0,0,0,0,0,0,1,5,0,3,3,0,0,0,1,4,0,0,0,0
88946,Odeh Fakhoury,Jordan,F,15186740,6.4,14,0,0,0,0,0,0,0,0,0,0,0,0,0,0,0,0,0,1,0,2,3,0,0,0,0,0,0,0,0,0
88351,Hamza Abdelkarim,Egypt,F,15186827,6.5,14,0,0,0,0,0,0,0,0,0,0,0,0,1,0,0,0,1,3,0,1,3,0,0,0,0,0,0,0,0,0
88227,Caleb Yirenkyi,Ghana,M,15186672,6.4,90,0,0,0,0,0,0,0,0,0,0,0,1,2,0,0,1,3,12,2,6,11,0,1,0,0,1,0,0,0,0
88803,Mbekezeli Mbokazi,South Africa,D,15186731,6.8,90,0,0,0,0,0,1,0,0,0,0,0,5,10,0,0,1,5,11,0,56,61,0,0,0,0,2,0,0,0,0
88533,Yan Diomande,Côte d'Ivoire,M,15186905,7.2,85,0,0,0,0,0,0,0,0,0,0,0,1,0,0,1,1,10,18,1,19,25,2,2,0,4,8,0,0,0,0